incident_id,timestamp_reported,state,district,nearest_city_town,latitude,longitude,incident_category,incident_type,severity_level,incident_status,reporting_agency,response_time_minutes,fatalities_count,injuries_count,estimated_affected_population,est_financial_loss_lakh_inr,road_highway_affected,ndrf_sdrf_deployed,action_taken
INC-NER-2026-0116,2026-08-25 13:08:13,Mizoram,Champhai,Champhai,23.44931,93.31832,Hydro-Meteorological,Cloudburst / Heavy Rainfall Blockade,High (Level 3),Under Assessment,Forest Department Radar,99,0,3,230,5.74,NH-102,Yes,Emergency crews dispatched to Champhai for immediate cloudburst / heavy rainfall blockade containment and traffic rerouting.
INC-NER-2026-0314,2026-08-25 13:03:37,Assam,Dibrugarh,Dibrugarh,27.47093,94.89977,Environmental & Wildlife,Wild Elephant Corridor Movement / Human Wildlife Conflict,High (Level 3),Resolved / Cleared,Citizen Telemetry App,83,0,1,466,28.65,NH-37,Yes,Emergency crews dispatched to Dibrugarh for immediate wild elephant corridor movement / human wildlife conflict containment and traffic rerouting.
INC-NER-2026-0053,2026-08-25 12:26:27,Tripura,West Tripura,Agartala,23.82673,91.29464,Geological & Earth Hazards,Minor Tremor / Seismic Activity,Moderate (Level 2),Under Assessment,Forest Department Radar,13,0,0,17,1.53,NH-10,No,Emergency crews dispatched to Agartala for immediate minor tremor / seismic activity containment and traffic rerouting.
INC-NER-2026-0046,2026-08-25 12:16:54,Assam,Dibrugarh,Dibrugarh,27.46503,94.90074,Civic & Public Safety,Public Protests / Road Blockade Demonstration,High (Level 3),Mitigation In Progress,Border Roads Organisation (BRO),58,0,1,242,21.2,NH-08,Yes,Emergency crews dispatched to Dibrugarh for immediate public protests / road blockade demonstration containment and traffic rerouting.
INC-NER-2026-0152,2026-08-25 11:41:31,Assam,Golaghat,Kaziranga,26.58346,93.1834,Hydro-Meteorological,Major Landslide / Slope Failure,High (Level 3),Emergency Response Dispatched,Forest Department Radar,103,0,0,86,17.58,NH-29,Yes,Emergency crews dispatched to Kaziranga for immediate major landslide / slope failure containment and traffic rerouting.
INC-NER-2026-0015,2026-08-25 11:40:11,Assam,Sonitpur,Tezpur,26.6252,92.79386,Traffic & Infrastructure,Power Grid Failure / Transmission Break,Moderate (Level 2),Reported / Triaged,Border Roads Organisation (BRO),17,0,0,9,0.89,State Highway,No,Emergency crews dispatched to Tezpur for immediate power grid failure / transmission break containment and traffic rerouting.
INC-NER-2026-0090,2026-08-25 11:31:32,Assam,Dibrugarh,Dibrugarh,27.47149,94.8979,Geological & Earth Hazards,Subsidence / Ground Cracking,Moderate (Level 2),Resolved / Cleared,NDRF Control Room,52,0,0,42,1.11,NH-10,No,Emergency crews dispatched to Dibrugarh for immediate subsidence / ground cracking containment and traffic rerouting.
INC-NER-2026-0174,2026-08-25 10:57:12,Meghalaya,East Khasi Hills,Cherrapunji,25.29956,91.73401,Traffic & Infrastructure,National Highway Road Blockade,Moderate (Level 2),Reported / Triaged,Border Roads Organisation (BRO),18,0,0,39,1.58,NH-08,No,Emergency crews dispatched to Cherrapunji for immediate national highway road blockade containment and traffic rerouting.
INC-NER-2026-0255,2026-08-25 10:17:23,Mizoram,Aizawl,Aizawl,23.72093,92.72409,Hydro-Meteorological,Cyclone / Violent Wind Damage,High (Level 3),Under Assessment,Border Roads Organisation (BRO),12,1,6,456,26.31,NH-29,Yes,Emergency crews dispatched to Aizawl for immediate cyclone / violent wind damage containment and traffic rerouting.
INC-NER-2026-0120,2026-08-25 10:07:34,Assam,Dima Hasao,Haflong,25.17123,93.02207,Hydro-Meteorological,River Bank Erosion,Moderate (Level 2),Under Assessment,NDRF Control Room,92,0,0,14,0.56,State Highway,No,Emergency crews dispatched to Haflong for immediate river bank erosion containment and traffic rerouting.
INC-NER-2026-0209,2026-08-25 09:55:57,Mizoram,Lunglei,Lunglei,22.89912,92.7412,Traffic & Infrastructure,Communication Fiber Cut,Moderate (Level 2),Reported / Triaged,Police Integrated Control Room,68,0,0,6,2.49,None / N/A,No,Emergency crews dispatched to Lunglei for immediate communication fiber cut containment and traffic rerouting.
INC-NER-2026-0298,2026-08-25 09:50:27,Mizoram,Aizawl,Aizawl,23.71889,92.71856,Traffic & Infrastructure,Rail Line Submersion / Debris Clearance,Low (Level 1),Under Assessment,NDRF Control Room,67,0,0,22,1.0,NH-27,No,Emergency crews dispatched to Aizawl for immediate rail line submersion / debris clearance containment and traffic rerouting.
INC-NER-2026-0110,2026-08-25 09:30:25,Nagaland,Kohima,Kohima,25.66878,94.11538,Hydro-Meteorological,Major Landslide / Slope Failure,Critical (Level 4),Emergency Response Dispatched,Border Roads Organisation (BRO),9,5,0,1137,189.2,NH-37,Yes,Emergency crews dispatched to Kohima for immediate major landslide / slope failure containment and traffic rerouting.
INC-NER-2026-0266,2026-08-25 09:09:51,Assam,Cachar,Silchar,24.80755,92.80581,Civic & Public Safety,Border Checkpost Delay / Traffic Snarl,Moderate (Level 2),Under Assessment,Border Roads Organisation (BRO),62,0,0,15,4.68,NH-102,No,Emergency crews dispatched to Silchar for immediate border checkpost delay / traffic snarl containment and traffic rerouting.
INC-NER-2026-0278,2026-08-25 08:50:20,Sikkim,East Sikkim,Gangtok,27.34589,88.61482,Traffic & Infrastructure,Rail Line Submersion / Debris Clearance,Low (Level 1),Reported / Triaged,Border Roads Organisation (BRO),70,0,0,34,3.32,None / N/A,No,Emergency crews dispatched to Gangtok for immediate rail line submersion / debris clearance containment and traffic rerouting.
INC-NER-2026-0059,2026-08-25 08:41:43,Manipur,Tengnoupal,Moreh,24.22476,94.3135,Hydro-Meteorological,Flash Flood / River Water Inundation,Moderate (Level 2),Emergency Response Dispatched,Citizen Telemetry App,16,0,0,46,3.39,NH-10,No,Emergency crews dispatched to Moreh for immediate flash flood / river water inundation containment and traffic rerouting.
INC-NER-2026-0264,2026-08-25 08:28:30,Sikkim,East Sikkim,Gangtok,27.35364,88.60168,Civic & Public Safety,Border Checkpost Delay / Traffic Snarl,Moderate (Level 2),Resolved / Cleared,State Disaster Management Authority (SDMA),106,0,0,13,1.8,NH-08,No,Emergency crews dispatched to Gangtok for immediate border checkpost delay / traffic snarl containment and traffic rerouting.
INC-NER-2026-0043,2026-08-25 08:13:14,Meghalaya,East Khasi Hills,Cherrapunji,25.30952,91.74627,Hydro-Meteorological,Major Landslide / Slope Failure,High (Level 3),Resolved / Cleared,Forest Department Radar,22,0,0,338,23.05,NH-08,Yes,Emergency crews dispatched to Cherrapunji for immediate major landslide / slope failure containment and traffic rerouting.
INC-NER-2026-0066,2026-08-25 08:09:07,Tripura,North Tripura,Dharmanagar,24.37298,92.16566,Hydro-Meteorological,Cyclone / Violent Wind Damage,Low (Level 1),Mitigation In Progress,Forest Department Radar,53,0,0,5,4.0,State Highway,No,Emergency crews dispatched to Dharmanagar for immediate cyclone / violent wind damage containment and traffic rerouting.
INC-NER-2026-0322,2026-08-25 08:00:06,Mizoram,Champhai,Champhai,23.45565,93.31567,Hydro-Meteorological,Cloudburst / Heavy Rainfall Blockade,High (Level 3),Reported / Triaged,Border Roads Organisation (BRO),78,0,3,402,17.08,NH-37,Yes,Emergency crews dispatched to Champhai for immediate cloudburst / heavy rainfall blockade containment and traffic rerouting.
INC-NER-2026-0295,2026-08-25 07:58:54,Meghalaya,Ri-Bhoi,Nongpoh,25.89212,91.89122,Geological & Earth Hazards,Minor Tremor / Seismic Activity,High (Level 3),Mitigation In Progress,Border Roads Organisation (BRO),35,0,0,22,11.8,NH-10,Yes,Emergency crews dispatched to Nongpoh for immediate minor tremor / seismic activity containment and traffic rerouting.
INC-NER-2026-0292,2026-08-25 05:46:24,Meghalaya,East Khasi Hills,Shillong,25.57743,91.90251,Traffic & Infrastructure,Power Grid Failure / Transmission Break,Moderate (Level 2),Mitigation In Progress,Police Integrated Control Room,50,0,0,19,1.98,NH-27,No,Emergency crews dispatched to Shillong for immediate power grid failure / transmission break containment and traffic rerouting.
INC-NER-2026-0173,2026-08-25 05:40:06,Manipur,Ukhrul,Ukhrul,25.1114,94.37738,Traffic & Infrastructure,National Highway Road Blockade,High (Level 3),Under Assessment,Forest Department Radar,111,0,1,440,15.04,NH-102,Yes,Emergency crews dispatched to Ukhrul for immediate national highway road blockade containment and traffic rerouting.
INC-NER-2026-0011,2026-08-25 05:13:08,Assam,Sonitpur,Tezpur,26.64684,92.80588,Geological & Earth Hazards,Subsidence / Ground Cracking,Moderate (Level 2),Emergency Response Dispatched,Police Integrated Control Room,78,0,0,31,0.28,State Highway,No,Emergency crews dispatched to Tezpur for immediate subsidence / ground cracking containment and traffic rerouting.
INC-NER-2026-0205,2026-08-25 05:11:48,Mizoram,Lunglei,Lunglei,22.87837,92.71787,Traffic & Infrastructure,Power Grid Failure / Transmission Break,Low (Level 1),Mitigation In Progress,NDRF Control Room,59,0,0,8,1.4,NH-37,No,Emergency crews dispatched to Lunglei for immediate power grid failure / transmission break containment and traffic rerouting.
INC-NER-2026-0296,2026-08-25 04:07:16,Mizoram,Champhai,Champhai,23.44943,93.3326,Civic & Public Safety,Urban Waterlogging / Drainage Overflow,High (Level 3),Emergency Response Dispatched,State Disaster Management Authority (SDMA),25,0,0,483,12.86,None / N/A,Yes,Emergency crews dispatched to Champhai for immediate urban waterlogging / drainage overflow containment and traffic rerouting.
INC-NER-2026-0083,2026-08-25 04:00:32,Arunachal Pradesh,West Kameng,Dirang,27.37024,92.2449,Civic & Public Safety,Urban Waterlogging / Drainage Overflow,High (Level 3),Resolved / Cleared,Citizen Telemetry App,28,0,6,151,12.22,NH-27,Yes,Emergency crews dispatched to Dirang for immediate urban waterlogging / drainage overflow containment and traffic rerouting.
INC-NER-2026-0102,2026-08-25 03:55:47,Manipur,Imphal West,Imphal,24.80996,93.9244,Hydro-Meteorological,Cyclone / Violent Wind Damage,Moderate (Level 2),Reported / Triaged,Forest Department Radar,83,0,0,7,4.16,State Highway,No,Emergency crews dispatched to Imphal for immediate cyclone / violent wind damage containment and traffic rerouting.
INC-NER-2026-0344,2026-08-25 03:55:42,Arunachal Pradesh,Tawang,Tawang,27.58551,91.84692,Hydro-Meteorological,Cyclone / Violent Wind Damage,Moderate (Level 2),Mitigation In Progress,Citizen Telemetry App,59,0,0,11,3.83,State Highway,No,Emergency crews dispatched to Tawang for immediate cyclone / violent wind damage containment and traffic rerouting.
INC-NER-2026-0182,2026-08-25 03:41:11,Assam,Cachar,Silchar,24.83009,92.80244,Hydro-Meteorological,Major Landslide / Slope Failure,High (Level 3),Under Assessment,Police Integrated Control Room,65,0,0,49,10.65,NH-08,Yes,Emergency crews dispatched to Silchar for immediate major landslide / slope failure containment and traffic rerouting.
INC-NER-2026-0167,2026-08-25 03:04:21,Arunachal Pradesh,Tawang,Tawang,27.57274,91.85532,Traffic & Infrastructure,Bridge Submersion / Structural Washout,Critical (Level 4),Mitigation In Progress,SDRF Telemetry,44,0,25,883,65.18,State Highway,Yes,Emergency crews dispatched to Tawang for immediate bridge submersion / structural washout containment and traffic rerouting.
INC-NER-2026-0036,2026-08-25 02:36:43,Manipur,Churachandpur,Churachandpur,24.3306,93.68969,Hydro-Meteorological,Major Landslide / Slope Failure,Critical (Level 4),Emergency Response Dispatched,Police Integrated Control Room,12,0,0,2522,96.95,NH-27,Yes,Emergency crews dispatched to Churachandpur for immediate major landslide / slope failure containment and traffic rerouting.
INC-NER-2026-0180,2026-08-25 02:31:57,Meghalaya,East Khasi Hills,Cherrapunji,25.3027,91.72404,Hydro-Meteorological,Flash Flood / River Water Inundation,Moderate (Level 2),Resolved / Cleared,Police Integrated Control Room,56,0,0,8,0.8,None / N/A,No,Emergency crews dispatched to Cherrapunji for immediate flash flood / river water inundation containment and traffic rerouting.
INC-NER-2026-0265,2026-08-25 02:26:27,Sikkim,North Sikkim,Mangan,27.51617,88.53586,Environmental & Wildlife,Poaching Counter-Operation,Moderate (Level 2),Mitigation In Progress,State Disaster Management Authority (SDMA),59,0,0,35,2.58,NH-29,No,Emergency crews dispatched to Mangan for immediate poaching counter-operation containment and traffic rerouting.
INC-NER-2026-0207,2026-08-25 01:41:51,Tripura,North Tripura,Dharmanagar,24.3602,92.16017,Hydro-Meteorological,Major Landslide / Slope Failure,High (Level 3),Under Assessment,NDRF Control Room,9,0,1,321,29.48,State Highway,Yes,Emergency crews dispatched to Dharmanagar for immediate major landslide / slope failure containment and traffic rerouting.
INC-NER-2026-0275,2026-08-25 01:17:58,Nagaland,Mokokchung,Mokokchung,26.3191,94.52033,Geological & Earth Hazards,Rockfall / Debris Flow on Highway,Moderate (Level 2),Resolved / Cleared,State Disaster Management Authority (SDMA),102,0,0,34,0.81,NH-29,No,Emergency crews dispatched to Mokokchung for immediate rockfall / debris flow on highway containment and traffic rerouting.
INC-NER-2026-0150,2026-08-25 01:02:57,Tripura,Gomati,Udaipur,23.53965,91.46964,Civic & Public Safety,Border Checkpost Delay / Traffic Snarl,Moderate (Level 2),Emergency Response Dispatched,State Disaster Management Authority (SDMA),25,0,0,0,3.07,NH-37,No,Emergency crews dispatched to Udaipur for immediate border checkpost delay / traffic snarl containment and traffic rerouting.
INC-NER-2026-0338,2026-08-25 00:59:42,Manipur,Tengnoupal,Moreh,24.24635,94.30405,Geological & Earth Hazards,Minor Tremor / Seismic Activity,High (Level 3),Emergency Response Dispatched,State Disaster Management Authority (SDMA),113,0,1,284,29.74,NH-08,Yes,Emergency crews dispatched to Moreh for immediate minor tremor / seismic activity containment and traffic rerouting.
INC-NER-2026-0004,2026-08-25 00:58:08,Assam,Golaghat,Kaziranga,26.57655,93.18335,Hydro-Meteorological,Cloudburst / Heavy Rainfall Blockade,Critical (Level 4),Emergency Response Dispatched,State Disaster Management Authority (SDMA),28,0,0,2911,33.66,NH-08,Yes,Emergency crews dispatched to Kaziranga for immediate cloudburst / heavy rainfall blockade containment and traffic rerouting.
INC-NER-2026-0348,2026-08-25 00:47:36,Tripura,North Tripura,Dharmanagar,24.37852,92.15897,Environmental & Wildlife,Poaching Counter-Operation,Moderate (Level 2),Mitigation In Progress,State Disaster Management Authority (SDMA),116,0,0,2,2.74,NH-27,No,Emergency crews dispatched to Dharmanagar for immediate poaching counter-operation containment and traffic rerouting.
INC-NER-2026-0222,2026-08-25 00:41:29,Nagaland,Dimapur,Dimapur,25.91631,93.72524,Hydro-Meteorological,Cyclone / Violent Wind Damage,Moderate (Level 2),Under Assessment,SDRF Telemetry,51,0,0,2,1.0,None / N/A,No,Emergency crews dispatched to Dimapur for immediate cyclone / violent wind damage containment and traffic rerouting.
INC-NER-2026-0084,2026-08-25 00:32:31,Meghalaya,East Khasi Hills,Cherrapunji,25.31012,91.74483,Hydro-Meteorological,Major Landslide / Slope Failure,Critical (Level 4),Resolved / Cleared,SDRF Telemetry,104,0,2,1202,217.6,NH-102,Yes,Emergency crews dispatched to Cherrapunji for immediate major landslide / slope failure containment and traffic rerouting.
INC-NER-2026-0063,2026-08-25 00:30:53,Meghalaya,East Khasi Hills,Shillong,25.56728,91.89851,Geological & Earth Hazards,Subsidence / Ground Cracking,High (Level 3),Mitigation In Progress,Citizen Telemetry App,114,0,3,347,5.53,NH-102,Yes,Emergency crews dispatched to Shillong for immediate subsidence / ground cracking containment and traffic rerouting.
INC-NER-2026-0138,2026-08-25 00:15:27,Arunachal Pradesh,Papum Pare,Itanagar,27.08546,93.61736,Hydro-Meteorological,Flash Flood / River Water Inundation,Moderate (Level 2),Emergency Response Dispatched,SDRF Telemetry,42,0,0,38,1.01,NH-37,No,Emergency crews dispatched to Itanagar for immediate flash flood / river water inundation containment and traffic rerouting.
INC-NER-2026-0244,2026-08-24 23:30:19,Mizoram,Aizawl,Aizawl,23.73112,92.70801,Traffic & Infrastructure,National Highway Road Blockade,High (Level 3),Resolved / Cleared,NDRF Control Room,36,0,6,148,11.09,NH-10,Yes,Emergency crews dispatched to Aizawl for immediate national highway road blockade containment and traffic rerouting.
INC-NER-2026-0299,2026-08-24 23:27:30,Mizoram,Lunglei,Lunglei,22.88941,92.72441,Traffic & Infrastructure,Rail Line Submersion / Debris Clearance,High (Level 3),Resolved / Cleared,Citizen Telemetry App,42,0,3,110,11.95,NH-37,Yes,Emergency crews dispatched to Lunglei for immediate rail line submersion / debris clearance containment and traffic rerouting.
INC-NER-2026-0100,2026-08-24 23:27:05,Assam,Dima Hasao,Haflong,25.18106,93.01847,Geological & Earth Hazards,Rockfall / Debris Flow on Highway,Low (Level 1),Mitigation In Progress,NDRF Control Room,85,0,0,37,4.33,NH-102,No,Emergency crews dispatched to Haflong for immediate rockfall / debris flow on highway containment and traffic rerouting.
INC-NER-2026-0047,2026-08-24 23:06:01,Manipur,Imphal West,Imphal,24.80516,93.93689,Traffic & Infrastructure,Power Grid Failure / Transmission Break,High (Level 3),Resolved / Cleared,Forest Department Radar,24,0,0,63,14.16,State Highway,Yes,Emergency crews dispatched to Imphal for immediate power grid failure / transmission break containment and traffic rerouting.
INC-NER-2026-0257,2026-08-24 22:46:40,Nagaland,Mokokchung,Mokokchung,26.3369,94.52912,Environmental & Wildlife,Poaching Counter-Operation,Moderate (Level 2),Reported / Triaged,NDRF Control Room,89,0,0,34,2.28,NH-102,No,Emergency crews dispatched to Mokokchung for immediate poaching counter-operation containment and traffic rerouting.
INC-NER-2026-0313,2026-08-24 22:35:27,Assam,Cachar,Silchar,24.80758,92.78923,Hydro-Meteorological,River Bank Erosion,Moderate (Level 2),Mitigation In Progress,Police Integrated Control Room,90,0,0,4,3.81,NH-102,No,Emergency crews dispatched to Silchar for immediate river bank erosion containment and traffic rerouting.
INC-NER-2026-0007,2026-08-24 22:13:24,Arunachal Pradesh,West Kameng,Dirang,27.34819,92.24518,Hydro-Meteorological,Cyclone / Violent Wind Damage,Low (Level 1),Mitigation In Progress,NDRF Control Room,94,0,0,32,1.34,None / N/A,No,Emergency crews dispatched to Dirang for immediate cyclone / violent wind damage containment and traffic rerouting.
INC-NER-2026-0340,2026-08-24 21:13:17,Sikkim,South Sikkim,Namchi,27.16538,88.35794,Hydro-Meteorological,Cloudburst / Heavy Rainfall Blockade,High (Level 3),Emergency Response Dispatched,State Disaster Management Authority (SDMA),44,0,0,153,9.11,NH-37,Yes,Emergency crews dispatched to Namchi for immediate cloudburst / heavy rainfall blockade containment and traffic rerouting.
INC-NER-2026-0166,2026-08-24 21:09:22,Assam,Cachar,Silchar,24.82264,92.78964,Environmental & Wildlife,Wild Elephant Corridor Movement / Human Wildlife Conflict,Low (Level 1),Resolved / Cleared,Police Integrated Control Room,96,0,0,7,1.28,None / N/A,No,Emergency crews dispatched to Silchar for immediate wild elephant corridor movement / human wildlife conflict containment and traffic rerouting.
INC-NER-2026-0345,2026-08-24 21:06:06,Tripura,North Tripura,Dharmanagar,24.36722,92.15275,Civic & Public Safety,Border Checkpost Delay / Traffic Snarl,Low (Level 1),Emergency Response Dispatched,Citizen Telemetry App,44,0,0,15,1.74,NH-08,No,Emergency crews dispatched to Dharmanagar for immediate border checkpost delay / traffic snarl containment and traffic rerouting.
INC-NER-2026-0308,2026-08-24 21:02:32,Nagaland,Dimapur,Dimapur,25.89449,93.73578,Geological & Earth Hazards,Subsidence / Ground Cracking,Low (Level 1),Mitigation In Progress,Forest Department Radar,42,0,0,45,1.3,NH-10,No,Emergency crews dispatched to Dimapur for immediate subsidence / ground cracking containment and traffic rerouting.
INC-NER-2026-0228,2026-08-24 20:21:19,Arunachal Pradesh,Papum Pare,Itanagar,27.08095,93.60972,Hydro-Meteorological,Flash Flood / River Water Inundation,Low (Level 1),Resolved / Cleared,Citizen Telemetry App,96,0,0,46,0.63,NH-10,No,Emergency crews dispatched to Itanagar for immediate flash flood / river water inundation containment and traffic rerouting.
INC-NER-2026-0094,2026-08-24 20:11:49,Sikkim,North Sikkim,Mangan,27.50405,88.54506,Hydro-Meteorological,River Bank Erosion,High (Level 3),Emergency Response Dispatched,Police Integrated Control Room,19,0,0,103,12.6,None / N/A,Yes,Emergency crews dispatched to Mangan for immediate river bank erosion containment and traffic rerouting.
INC-NER-2026-0310,2026-08-24 19:47:00,Assam,Dima Hasao,Haflong,25.18102,93.01164,Hydro-Meteorological,River Bank Erosion,High (Level 3),Reported / Triaged,State Disaster Management Authority (SDMA),103,0,1,138,20.18,NH-37,Yes,Emergency crews dispatched to Haflong for immediate river bank erosion containment and traffic rerouting.
INC-NER-2026-0175,2026-08-24 19:30:02,Sikkim,South Sikkim,Namchi,27.17037,88.34462,Traffic & Infrastructure,Communication Fiber Cut,Moderate (Level 2),Emergency Response Dispatched,NDRF Control Room,113,0,0,28,2.29,NH-10,No,Emergency crews dispatched to Namchi for immediate communication fiber cut containment and traffic rerouting.
INC-NER-2026-0200,2026-08-24 18:53:42,Assam,Kamrup Metropolitan,Guwahati,26.13319,91.74953,Civic & Public Safety,Urban Waterlogging / Drainage Overflow,High (Level 3),Reported / Triaged,Police Integrated Control Room,40,0,1,108,29.64,None / N/A,Yes,Emergency crews dispatched to Guwahati for immediate urban waterlogging / drainage overflow containment and traffic rerouting.
INC-NER-2026-0119,2026-08-24 18:13:09,Mizoram,Lunglei,Lunglei,22.88051,92.74082,Traffic & Infrastructure,Communication Fiber Cut,High (Level 3),Emergency Response Dispatched,Border Roads Organisation (BRO),39,0,3,111,22.47,NH-27,Yes,Emergency crews dispatched to Lunglei for immediate communication fiber cut containment and traffic rerouting.
INC-NER-2026-0057,2026-08-24 18:09:18,Arunachal Pradesh,Tawang,Tawang,27.5775,91.86292,Environmental & Wildlife,Wild Elephant Corridor Movement / Human Wildlife Conflict,Low (Level 1),Resolved / Cleared,Police Integrated Control Room,118,0,0,17,4.74,NH-102,No,Emergency crews dispatched to Tawang for immediate wild elephant corridor movement / human wildlife conflict containment and traffic rerouting.
INC-NER-2026-0145,2026-08-24 17:25:30,Mizoram,Champhai,Champhai,23.45266,93.31651,Traffic & Infrastructure,Bridge Submersion / Structural Washout,Critical (Level 4),Under Assessment,Citizen Telemetry App,62,2,2,1941,104.73,NH-27,Yes,Emergency crews dispatched to Champhai for immediate bridge submersion / structural washout containment and traffic rerouting.
INC-NER-2026-0235,2026-08-24 17:03:00,Manipur,Tengnoupal,Moreh,24.24057,94.31413,Geological & Earth Hazards,Minor Tremor / Seismic Activity,High (Level 3),Emergency Response Dispatched,Border Roads Organisation (BRO),18,0,0,45,25.92,None / N/A,Yes,Emergency crews dispatched to Moreh for immediate minor tremor / seismic activity containment and traffic rerouting.
INC-NER-2026-0125,2026-08-24 16:55:16,Mizoram,Champhai,Champhai,23.44164,93.32498,Traffic & Infrastructure,Bridge Submersion / Structural Washout,High (Level 3),Resolved / Cleared,State Disaster Management Authority (SDMA),111,0,0,23,10.64,None / N/A,Yes,Emergency crews dispatched to Champhai for immediate bridge submersion / structural washout containment and traffic rerouting.
INC-NER-2026-0106,2026-08-24 16:45:32,Sikkim,North Sikkim,Mangan,27.51679,88.52933,Civic & Public Safety,Industrial Chemical Spill / Fire Incident,High (Level 3),Under Assessment,Forest Department Radar,8,0,3,297,10.98,NH-29,Yes,Emergency crews dispatched to Mangan for immediate industrial chemical spill / fire incident containment and traffic rerouting.
INC-NER-2026-0003,2026-08-24 15:51:17,Meghalaya,East Khasi Hills,Cherrapunji,25.30363,91.74018,Civic & Public Safety,Industrial Chemical Spill / Fire Incident,Low (Level 1),Reported / Triaged,State Disaster Management Authority (SDMA),43,0,0,37,2.8,NH-08,No,Emergency crews dispatched to Cherrapunji for immediate industrial chemical spill / fire incident containment and traffic rerouting.
INC-NER-2026-0316,2026-08-24 15:34:09,Arunachal Pradesh,Papum Pare,Itanagar,27.08948,93.61686,Traffic & Infrastructure,Bridge Submersion / Structural Washout,High (Level 3),Emergency Response Dispatched,Forest Department Radar,96,0,3,52,7.35,NH-08,Yes,Emergency crews dispatched to Itanagar for immediate bridge submersion / structural washout containment and traffic rerouting.
INC-NER-2026-0161,2026-08-24 15:23:08,Assam,Sonitpur,Tezpur,26.61948,92.80847,Civic & Public Safety,Public Protests / Road Blockade Demonstration,High (Level 3),Emergency Response Dispatched,NDRF Control Room,81,0,0,116,15.11,NH-102,Yes,Emergency crews dispatched to Tezpur for immediate public protests / road blockade demonstration containment and traffic rerouting.
INC-NER-2026-0111,2026-08-24 14:42:31,Arunachal Pradesh,East Siang,Pasighat,28.05175,95.31481,Hydro-Meteorological,Cloudburst / Heavy Rainfall Blockade,Critical (Level 4),Emergency Response Dispatched,Citizen Telemetry App,92,0,5,387,168.35,NH-102,Yes,Emergency crews dispatched to Pasighat for immediate cloudburst / heavy rainfall blockade containment and traffic rerouting.
INC-NER-2026-0221,2026-08-24 14:35:02,Nagaland,Dimapur,Dimapur,25.91483,93.72926,Civic & Public Safety,Border Checkpost Delay / Traffic Snarl,High (Level 3),Resolved / Cleared,Police Integrated Control Room,34,0,1,374,20.1,NH-102,Yes,Emergency crews dispatched to Dimapur for immediate border checkpost delay / traffic snarl containment and traffic rerouting.
INC-NER-2026-0291,2026-08-24 14:28:11,Sikkim,South Sikkim,Namchi,27.17097,88.34673,Traffic & Infrastructure,Power Grid Failure / Transmission Break,Low (Level 1),Mitigation In Progress,SDRF Telemetry,59,0,0,31,3.73,State Highway,No,Emergency crews dispatched to Namchi for immediate power grid failure / transmission break containment and traffic rerouting.
INC-NER-2026-0270,2026-08-24 14:23:46,Mizoram,Aizawl,Aizawl,23.71339,92.72433,Traffic & Infrastructure,Power Grid Failure / Transmission Break,High (Level 3),Resolved / Cleared,Forest Department Radar,21,0,0,149,23.08,NH-08,Yes,Emergency crews dispatched to Aizawl for immediate power grid failure / transmission break containment and traffic rerouting.
INC-NER-2026-0080,2026-08-24 14:09:03,Arunachal Pradesh,Tawang,Tawang,27.57885,91.86295,Hydro-Meteorological,River Bank Erosion,Moderate (Level 2),Reported / Triaged,Police Integrated Control Room,115,0,0,19,3.43,NH-10,No,Emergency crews dispatched to Tawang for immediate river bank erosion containment and traffic rerouting.
INC-NER-2026-0024,2026-08-24 13:41:19,Assam,Sonitpur,Tezpur,26.64494,92.79517,Environmental & Wildlife,Forest Fire / Wildfire Outbreak,Moderate (Level 2),Resolved / Cleared,Police Integrated Control Room,107,0,0,18,2.99,NH-27,No,Emergency crews dispatched to Tezpur for immediate forest fire / wildfire outbreak containment and traffic rerouting.
INC-NER-2026-0143,2026-08-24 13:13:35,Arunachal Pradesh,Papum Pare,Itanagar,27.08415,93.59724,Traffic & Infrastructure,Bridge Submersion / Structural Washout,High (Level 3),Mitigation In Progress,Forest Department Radar,105,0,1,94,27.4,State Highway,Yes,Emergency crews dispatched to Itanagar for immediate bridge submersion / structural washout containment and traffic rerouting.
INC-NER-2026-0326,2026-08-24 13:06:49,Nagaland,Dimapur,Dimapur,25.91594,93.73736,Traffic & Infrastructure,National Highway Road Blockade,High (Level 3),Mitigation In Progress,Police Integrated Control Room,59,0,0,220,14.15,NH-10,Yes,Emergency crews dispatched to Dimapur for immediate national highway road blockade containment and traffic rerouting.
INC-NER-2026-0215,2026-08-24 12:30:03,Meghalaya,East Khasi Hills,Cherrapunji,25.29995,91.71807,Hydro-Meteorological,Cyclone / Violent Wind Damage,High (Level 3),Emergency Response Dispatched,Police Integrated Control Room,63,0,0,269,21.31,None / N/A,Yes,Emergency crews dispatched to Cherrapunji for immediate cyclone / violent wind damage containment and traffic rerouting.
INC-NER-2026-0017,2026-08-24 11:30:13,Assam,Dima Hasao,Haflong,25.15471,93.00492,Hydro-Meteorological,River Bank Erosion,Moderate (Level 2),Mitigation In Progress,Border Roads Organisation (BRO),112,0,0,0,0.52,NH-10,No,Emergency crews dispatched to Haflong for immediate river bank erosion containment and traffic rerouting.
INC-NER-2026-0281,2026-08-24 10:15:16,Meghalaya,East Khasi Hills,Cherrapunji,25.30444,91.71859,Hydro-Meteorological,River Bank Erosion,Moderate (Level 2),Under Assessment,Police Integrated Control Room,87,0,0,30,4.1,NH-08,No,Emergency crews dispatched to Cherrapunji for immediate river bank erosion containment and traffic rerouting.
INC-NER-2026-0252,2026-08-24 09:33:30,Manipur,Imphal West,Imphal,24.82657,93.92404,Traffic & Infrastructure,Power Grid Failure / Transmission Break,Low (Level 1),Under Assessment,Border Roads Organisation (BRO),50,0,0,37,4.82,None / N/A,No,Emergency crews dispatched to Imphal for immediate power grid failure / transmission break containment and traffic rerouting.
INC-NER-2026-0262,2026-08-24 09:29:15,Tripura,North Tripura,Dharmanagar,24.36019,92.1703,Environmental & Wildlife,Poaching Counter-Operation,Moderate (Level 2),Emergency Response Dispatched,Border Roads Organisation (BRO),72,0,0,47,4.67,NH-102,No,Emergency crews dispatched to Dharmanagar for immediate poaching counter-operation containment and traffic rerouting.
INC-NER-2026-0185,2026-08-24 09:18:09,Arunachal Pradesh,West Kameng,Dirang,27.35032,92.23564,Environmental & Wildlife,Wild Elephant Corridor Movement / Human Wildlife Conflict,Moderate (Level 2),Mitigation In Progress,SDRF Telemetry,44,0,0,37,1.71,NH-08,No,Emergency crews dispatched to Dirang for immediate wild elephant corridor movement / human wildlife conflict containment and traffic rerouting.
INC-NER-2026-0201,2026-08-24 09:10:30,Sikkim,South Sikkim,Namchi,27.15294,88.34972,Hydro-Meteorological,Major Landslide / Slope Failure,High (Level 3),Mitigation In Progress,Border Roads Organisation (BRO),117,0,0,453,22.23,NH-102,Yes,Emergency crews dispatched to Namchi for immediate major landslide / slope failure containment and traffic rerouting.
INC-NER-2026-0062,2026-08-24 08:55:45,Mizoram,Lunglei,Lunglei,22.88762,92.72683,Hydro-Meteorological,Cloudburst / Heavy Rainfall Blockade,Critical (Level 4),Emergency Response Dispatched,Border Roads Organisation (BRO),83,0,2,3355,162.38,NH-29,Yes,Emergency crews dispatched to Lunglei for immediate cloudburst / heavy rainfall blockade containment and traffic rerouting.
INC-NER-2026-0025,2026-08-24 08:48:22,Assam,Jorhat,Jorhat,26.74018,94.20085,Hydro-Meteorological,River Bank Erosion,Moderate (Level 2),Emergency Response Dispatched,Citizen Telemetry App,113,0,0,15,0.61,NH-10,No,Emergency crews dispatched to Jorhat for immediate river bank erosion containment and traffic rerouting.
INC-NER-2026-0072,2026-08-24 08:17:52,Nagaland,Mokokchung,Mokokchung,26.32815,94.51287,Hydro-Meteorological,Cloudburst / Heavy Rainfall Blockade,High (Level 3),Mitigation In Progress,NDRF Control Room,106,0,0,28,23.56,None / N/A,Yes,Emergency crews dispatched to Mokokchung for immediate cloudburst / heavy rainfall blockade containment and traffic rerouting.
INC-NER-2026-0301,2026-08-24 08:14:33,Assam,Golaghat,Kaziranga,26.58378,93.18449,Environmental & Wildlife,Forest Fire / Wildfire Outbreak,High (Level 3),Reported / Triaged,Border Roads Organisation (BRO),23,0,1,419,16.44,NH-10,Yes,Emergency crews dispatched to Kaziranga for immediate forest fire / wildfire outbreak containment and traffic rerouting.
INC-NER-2026-0220,2026-08-24 08:06:58,Assam,Cachar,Silchar,24.81359,92.79113,Hydro-Meteorological,Cyclone / Violent Wind Damage,Low (Level 1),Emergency Response Dispatched,Citizen Telemetry App,39,0,0,38,4.07,NH-102,No,Emergency crews dispatched to Silchar for immediate cyclone / violent wind damage containment and traffic rerouting.
INC-NER-2026-0028,2026-08-24 07:59:23,Mizoram,Lunglei,Lunglei,22.88415,92.72199,Geological & Earth Hazards,Rockfall / Debris Flow on Highway,High (Level 3),Resolved / Cleared,SDRF Telemetry,17,0,0,268,22.73,State Highway,Yes,Emergency crews dispatched to Lunglei for immediate rockfall / debris flow on highway containment and traffic rerouting.
INC-NER-2026-0330,2026-08-24 07:41:37,Sikkim,South Sikkim,Namchi,27.17134,88.36254,Hydro-Meteorological,Flash Flood / River Water Inundation,High (Level 3),Mitigation In Progress,Forest Department Radar,50,0,0,118,21.77,NH-10,Yes,Emergency crews dispatched to Namchi for immediate flash flood / river water inundation containment and traffic rerouting.
INC-NER-2026-0089,2026-08-24 07:21:37,Mizoram,Champhai,Champhai,23.45752,93.31872,Traffic & Infrastructure,National Highway Road Blockade,Moderate (Level 2),Resolved / Cleared,State Disaster Management Authority (SDMA),103,0,0,31,4.69,None / N/A,No,Emergency crews dispatched to Champhai for immediate national highway road blockade containment and traffic rerouting.
INC-NER-2026-0023,2026-08-24 07:10:48,Manipur,Ukhrul,Ukhrul,25.11726,94.35936,Traffic & Infrastructure,Rail Line Submersion / Debris Clearance,Moderate (Level 2),Under Assessment,State Disaster Management Authority (SDMA),114,0,0,41,3.21,NH-37,No,Emergency crews dispatched to Ukhrul for immediate rail line submersion / debris clearance containment and traffic rerouting.
INC-NER-2026-0069,2026-08-24 06:53:09,Nagaland,Mokokchung,Mokokchung,26.31943,94.51998,Geological & Earth Hazards,Subsidence / Ground Cracking,Moderate (Level 2),Reported / Triaged,Police Integrated Control Room,90,0,0,35,2.33,NH-10,No,Emergency crews dispatched to Mokokchung for immediate subsidence / ground cracking containment and traffic rerouting.
INC-NER-2026-0191,2026-08-24 06:28:32,Mizoram,Aizawl,Aizawl,23.7195,92.70775,Traffic & Infrastructure,Bridge Submersion / Structural Washout,High (Level 3),Under Assessment,NDRF Control Room,14,0,0,201,29.52,None / N/A,Yes,Emergency crews dispatched to Aizawl for immediate bridge submersion / structural washout containment and traffic rerouting.
INC-NER-2026-0271,2026-08-24 06:08:04,Sikkim,North Sikkim,Mangan,27.51882,88.5408,Hydro-Meteorological,Cyclone / Violent Wind Damage,Moderate (Level 2),Under Assessment,Border Roads Organisation (BRO),51,0,0,18,0.5,None / N/A,No,Emergency crews dispatched to Mangan for immediate cyclone / violent wind damage containment and traffic rerouting.
INC-NER-2026-0331,2026-08-24 06:05:42,Meghalaya,East Khasi Hills,Shillong,25.58668,91.89504,Geological & Earth Hazards,Rockfall / Debris Flow on Highway,Low (Level 1),Mitigation In Progress,Border Roads Organisation (BRO),110,0,0,16,1.92,NH-29,No,Emergency crews dispatched to Shillong for immediate rockfall / debris flow on highway containment and traffic rerouting.
INC-NER-2026-0269,2026-08-24 05:34:19,Assam,Dima Hasao,Haflong,25.1583,93.01481,Civic & Public Safety,Urban Waterlogging / Drainage Overflow,Moderate (Level 2),Resolved / Cleared,Forest Department Radar,58,0,0,37,0.38,NH-102,No,Emergency crews dispatched to Haflong for immediate urban waterlogging / drainage overflow containment and traffic rerouting.
INC-NER-2026-0272,2026-08-24 04:23:27,Nagaland,Kohima,Kohima,25.6777,94.12294,Hydro-Meteorological,Flash Flood / River Water Inundation,Moderate (Level 2),Emergency Response Dispatched,SDRF Telemetry,18,0,0,42,0.47,NH-37,No,Emergency crews dispatched to Kohima for immediate flash flood / river water inundation containment and traffic rerouting.
INC-NER-2026-0176,2026-08-24 04:16:01,Tripura,Gomati,Udaipur,23.53121,91.48059,Hydro-Meteorological,River Bank Erosion,High (Level 3),Under Assessment,Border Roads Organisation (BRO),116,0,0,150,21.45,NH-29,Yes,Emergency crews dispatched to Udaipur for immediate river bank erosion containment and traffic rerouting.
INC-NER-2026-0178,2026-08-24 03:59:04,Meghalaya,Ri-Bhoi,Nongpoh,25.91094,91.88862,Hydro-Meteorological,Cyclone / Violent Wind Damage,Low (Level 1),Reported / Triaged,Citizen Telemetry App,86,0,0,42,2.43,NH-102,No,Emergency crews dispatched to Nongpoh for immediate cyclone / violent wind damage containment and traffic rerouting.
INC-NER-2026-0139,2026-08-24 03:56:52,Nagaland,Dimapur,Dimapur,25.91061,93.72022,Hydro-Meteorological,Cloudburst / Heavy Rainfall Blockade,Catastrophic (Level 5),Emergency Response Dispatched,Forest Department Radar,87,0,0,3284,207.55,NH-27,Yes,Emergency crews dispatched to Dimapur for immediate cloudburst / heavy rainfall blockade containment and traffic rerouting.
INC-NER-2026-0006,2026-08-24 03:37:50,Assam,Dima Hasao,Haflong,25.17082,93.00876,Traffic & Infrastructure,Bridge Submersion / Structural Washout,High (Level 3),Reported / Triaged,NDRF Control Room,93,0,1,241,18.86,NH-08,Yes,Emergency crews dispatched to Haflong for immediate bridge submersion / structural washout containment and traffic rerouting.
INC-NER-2026-0064,2026-08-24 03:29:49,Arunachal Pradesh,West Kameng,Dirang,27.37231,92.23507,Environmental & Wildlife,Forest Fire / Wildfire Outbreak,Low (Level 1),Emergency Response Dispatched,SDRF Telemetry,40,0,0,41,3.86,NH-37,No,Emergency crews dispatched to Dirang for immediate forest fire / wildfire outbreak containment and traffic rerouting.
INC-NER-2026-0223,2026-08-24 02:42:55,Mizoram,Champhai,Champhai,23.44304,93.33913,Hydro-Meteorological,Cyclone / Violent Wind Damage,Low (Level 1),Reported / Triaged,Police Integrated Control Room,62,0,0,29,1.55,NH-27,No,Emergency crews dispatched to Champhai for immediate cyclone / violent wind damage containment and traffic rerouting.
INC-NER-2026-0318,2026-08-24 02:42:29,Arunachal Pradesh,West Kameng,Dirang,27.35629,92.24327,Environmental & Wildlife,Forest Fire / Wildfire Outbreak,Low (Level 1),Under Assessment,Police Integrated Control Room,112,0,0,29,3.67,NH-102,No,Emergency crews dispatched to Dirang for immediate forest fire / wildfire outbreak containment and traffic rerouting.
INC-NER-2026-0032,2026-08-24 02:11:30,Assam,Cachar,Silchar,24.82578,92.81248,Traffic & Infrastructure,Bridge Submersion / Structural Washout,Catastrophic (Level 5),Mitigation In Progress,State Disaster Management Authority (SDMA),96,0,0,938,86.69,NH-08,Yes,Emergency crews dispatched to Silchar for immediate bridge submersion / structural washout containment and traffic rerouting.
INC-NER-2026-0132,2026-08-24 01:12:31,Tripura,Gomati,Udaipur,23.54232,91.49645,Civic & Public Safety,Border Checkpost Delay / Traffic Snarl,Moderate (Level 2),Under Assessment,NDRF Control Room,113,0,0,44,3.34,NH-08,No,Emergency crews dispatched to Udaipur for immediate border checkpost delay / traffic snarl containment and traffic rerouting.
INC-NER-2026-0253,2026-08-24 00:40:24,Manipur,Ukhrul,Ukhrul,25.10294,94.3553,Traffic & Infrastructure,Rail Line Submersion / Debris Clearance,Low (Level 1),Mitigation In Progress,State Disaster Management Authority (SDMA),109,0,0,1,3.85,NH-37,No,Emergency crews dispatched to Ukhrul for immediate rail line submersion / debris clearance containment and traffic rerouting.
INC-NER-2026-0114,2026-08-24 00:36:29,Meghalaya,Ri-Bhoi,Nongpoh,25.89722,91.88877,Traffic & Infrastructure,Power Grid Failure / Transmission Break,Moderate (Level 2),Emergency Response Dispatched,Police Integrated Control Room,30,0,0,9,1.5,NH-27,No,Emergency crews dispatched to Nongpoh for immediate power grid failure / transmission break containment and traffic rerouting.
INC-NER-2026-0327,2026-08-24 00:26:28,Nagaland,Dimapur,Dimapur,25.89971,93.72616,Civic & Public Safety,Border Checkpost Delay / Traffic Snarl,Low (Level 1),Mitigation In Progress,State Disaster Management Authority (SDMA),105,0,0,19,4.8,State Highway,No,Emergency crews dispatched to Dimapur for immediate border checkpost delay / traffic snarl containment and traffic rerouting.
INC-NER-2026-0232,2026-08-23 23:50:51,Tripura,North Tripura,Dharmanagar,24.37494,92.15783,Civic & Public Safety,Urban Waterlogging / Drainage Overflow,Moderate (Level 2),Mitigation In Progress,Forest Department Radar,105,0,0,49,4.05,NH-08,No,Emergency crews dispatched to Dharmanagar for immediate urban waterlogging / drainage overflow containment and traffic rerouting.
INC-NER-2026-0130,2026-08-23 23:49:10,Assam,Jorhat,Jorhat,26.7428,94.19776,Environmental & Wildlife,Wild Elephant Corridor Movement / Human Wildlife Conflict,Moderate (Level 2),Mitigation In Progress,SDRF Telemetry,49,0,0,41,3.93,NH-08,No,Emergency crews dispatched to Jorhat for immediate wild elephant corridor movement / human wildlife conflict containment and traffic rerouting.
INC-NER-2026-0193,2026-08-23 23:20:35,Meghalaya,East Khasi Hills,Cherrapunji,25.30027,91.74375,Hydro-Meteorological,Flash Flood / River Water Inundation,Low (Level 1),Reported / Triaged,SDRF Telemetry,9,0,0,4,0.85,NH-102,No,Emergency crews dispatched to Cherrapunji for immediate flash flood / river water inundation containment and traffic rerouting.
INC-NER-2026-0336,2026-08-23 23:01:46,Manipur,Imphal West,Imphal,24.82339,93.9235,Geological & Earth Hazards,Rockfall / Debris Flow on Highway,Low (Level 1),Mitigation In Progress,SDRF Telemetry,13,0,0,0,4.71,None / N/A,No,Emergency crews dispatched to Imphal for immediate rockfall / debris flow on highway containment and traffic rerouting.
INC-NER-2026-0122,2026-08-23 22:48:13,Meghalaya,West Garo Hills,Tura,25.51301,90.20371,Civic & Public Safety,Urban Waterlogging / Drainage Overflow,Moderate (Level 2),Emergency Response Dispatched,NDRF Control Room,95,0,0,29,0.25,NH-10,No,Emergency crews dispatched to Tura for immediate urban waterlogging / drainage overflow containment and traffic rerouting.
INC-NER-2026-0052,2026-08-23 22:29:38,Tripura,North Tripura,Dharmanagar,24.38193,92.16063,Civic & Public Safety,Border Checkpost Delay / Traffic Snarl,Moderate (Level 2),Reported / Triaged,Border Roads Organisation (BRO),37,0,0,15,2.85,NH-37,No,Emergency crews dispatched to Dharmanagar for immediate border checkpost delay / traffic snarl containment and traffic rerouting.
INC-NER-2026-0127,2026-08-23 21:49:51,Assam,Jorhat,Jorhat,26.7452,94.1908,Geological & Earth Hazards,Subsidence / Ground Cracking,Low (Level 1),Emergency Response Dispatched,Border Roads Organisation (BRO),50,0,0,49,2.0,NH-102,No,Emergency crews dispatched to Jorhat for immediate subsidence / ground cracking containment and traffic rerouting.
INC-NER-2026-0283,2026-08-23 20:29:16,Assam,Kamrup Metropolitan,Guwahati,26.13307,91.74411,Environmental & Wildlife,Poaching Counter-Operation,Low (Level 1),Resolved / Cleared,SDRF Telemetry,91,0,0,13,1.48,NH-10,No,Emergency crews dispatched to Guwahati for immediate poaching counter-operation containment and traffic rerouting.
INC-NER-2026-0303,2026-08-23 20:27:16,Mizoram,Aizawl,Aizawl,23.72849,92.73156,Traffic & Infrastructure,Bridge Submersion / Structural Washout,High (Level 3),Under Assessment,Police Integrated Control Room,12,0,0,497,9.4,NH-37,Yes,Emergency crews dispatched to Aizawl for immediate bridge submersion / structural washout containment and traffic rerouting.
INC-NER-2026-0153,2026-08-23 20:14:17,Sikkim,North Sikkim,Mangan,27.516,88.52778,Civic & Public Safety,Border Checkpost Delay / Traffic Snarl,Moderate (Level 2),Reported / Triaged,State Disaster Management Authority (SDMA),64,0,0,45,1.34,NH-37,No,Emergency crews dispatched to Mangan for immediate border checkpost delay / traffic snarl containment and traffic rerouting.
INC-NER-2026-0261,2026-08-23 20:05:54,Assam,Kamrup Metropolitan,Guwahati,26.15569,91.73487,Traffic & Infrastructure,Communication Fiber Cut,Moderate (Level 2),Mitigation In Progress,SDRF Telemetry,11,0,0,12,3.25,State Highway,No,Emergency crews dispatched to Guwahati for immediate communication fiber cut containment and traffic rerouting.
INC-NER-2026-0241,2026-08-23 19:55:53,Meghalaya,East Khasi Hills,Shillong,25.56672,91.88519,Traffic & Infrastructure,Bridge Submersion / Structural Washout,Catastrophic (Level 5),Emergency Response Dispatched,Citizen Telemetry App,49,0,2,2295,119.75,NH-08,Yes,Emergency crews dispatched to Shillong for immediate bridge submersion / structural washout containment and traffic rerouting.
INC-NER-2026-0341,2026-08-23 19:34:12,Assam,Kamrup Metropolitan,Guwahati,26.143,91.74518,Environmental & Wildlife,Poaching Counter-Operation,Moderate (Level 2),Under Assessment,State Disaster Management Authority (SDMA),42,0,0,11,0.34,None / N/A,No,Emergency crews dispatched to Guwahati for immediate poaching counter-operation containment and traffic rerouting.
INC-NER-2026-0260,2026-08-23 18:39:11,Tripura,West Tripura,Agartala,23.81875,91.27734,Civic & Public Safety,Industrial Chemical Spill / Fire Incident,Moderate (Level 2),Emergency Response Dispatched,State Disaster Management Authority (SDMA),35,0,0,49,3.66,NH-08,No,Emergency crews dispatched to Agartala for immediate industrial chemical spill / fire incident containment and traffic rerouting.
INC-NER-2026-0282,2026-08-23 18:27:35,Assam,Dima Hasao,Haflong,25.17183,93.01446,Geological & Earth Hazards,Minor Tremor / Seismic Activity,Moderate (Level 2),Under Assessment,State Disaster Management Authority (SDMA),37,0,0,1,4.91,None / N/A,No,Emergency crews dispatched to Haflong for immediate minor tremor / seismic activity containment and traffic rerouting.
INC-NER-2026-0118,2026-08-23 17:56:40,Arunachal Pradesh,Papum Pare,Itanagar,27.09914,93.60222,Hydro-Meteorological,Cyclone / Violent Wind Damage,Low (Level 1),Under Assessment,Border Roads Organisation (BRO),22,0,0,37,2.21,NH-27,No,Emergency crews dispatched to Itanagar for immediate cyclone / violent wind damage containment and traffic rerouting.
INC-NER-2026-0343,2026-08-23 17:44:39,Nagaland,Kohima,Kohima,25.6657,94.10568,Hydro-Meteorological,Cloudburst / Heavy Rainfall Blockade,High (Level 3),Resolved / Cleared,Police Integrated Control Room,52,0,0,114,15.78,State Highway,Yes,Emergency crews dispatched to Kohima for immediate cloudburst / heavy rainfall blockade containment and traffic rerouting.
INC-NER-2026-0126,2026-08-23 17:41:14,Arunachal Pradesh,East Siang,Pasighat,28.07179,95.32776,Hydro-Meteorological,Cyclone / Violent Wind Damage,Moderate (Level 2),Under Assessment,SDRF Telemetry,54,0,0,23,1.84,NH-37,No,Emergency crews dispatched to Pasighat for immediate cyclone / violent wind damage containment and traffic rerouting.
INC-NER-2026-0172,2026-08-23 16:19:47,Arunachal Pradesh,Papum Pare,Itanagar,27.09283,93.59928,Traffic & Infrastructure,National Highway Road Blockade,Moderate (Level 2),Mitigation In Progress,SDRF Telemetry,114,0,0,16,0.36,NH-102,No,Emergency crews dispatched to Itanagar for immediate national highway road blockade containment and traffic rerouting.
INC-NER-2026-0179,2026-08-23 16:12:53,Assam,Golaghat,Kaziranga,26.58514,93.18478,Hydro-Meteorological,Cloudburst / Heavy Rainfall Blockade,High (Level 3),Resolved / Cleared,SDRF Telemetry,43,0,0,35,20.65,NH-29,Yes,Emergency crews dispatched to Kaziranga for immediate cloudburst / heavy rainfall blockade containment and traffic rerouting.
INC-NER-2026-0259,2026-08-23 15:47:50,Mizoram,Champhai,Champhai,23.45867,93.33002,Traffic & Infrastructure,National Highway Road Blockade,Moderate (Level 2),Mitigation In Progress,SDRF Telemetry,118,0,0,35,1.18,NH-29,No,Emergency crews dispatched to Champhai for immediate national highway road blockade containment and traffic rerouting.
INC-NER-2026-0164,2026-08-23 15:44:28,Assam,Dima Hasao,Haflong,25.18078,93.0228,Hydro-Meteorological,Cloudburst / Heavy Rainfall Blockade,High (Level 3),Reported / Triaged,Citizen Telemetry App,15,0,3,230,27.33,NH-08,Yes,Emergency crews dispatched to Haflong for immediate cloudburst / heavy rainfall blockade containment and traffic rerouting.
INC-NER-2026-0214,2026-08-23 15:32:51,Assam,Cachar,Silchar,24.80362,92.79906,Civic & Public Safety,Public Protests / Road Blockade Demonstration,High (Level 3),Resolved / Cleared,Border Roads Organisation (BRO),67,0,0,370,20.53,NH-08,Yes,Emergency crews dispatched to Silchar for immediate public protests / road blockade demonstration containment and traffic rerouting.
INC-NER-2026-0079,2026-08-23 15:32:03,Sikkim,South Sikkim,Namchi,27.16447,88.35326,Traffic & Infrastructure,Bridge Submersion / Structural Washout,High (Level 3),Emergency Response Dispatched,NDRF Control Room,75,0,0,296,28.94,NH-10,Yes,Emergency crews dispatched to Namchi for immediate bridge submersion / structural washout containment and traffic rerouting.
INC-NER-2026-0113,2026-08-23 15:00:50,Assam,Golaghat,Kaziranga,26.58817,93.18049,Geological & Earth Hazards,Rockfall / Debris Flow on Highway,Moderate (Level 2),Resolved / Cleared,NDRF Control Room,22,0,0,7,2.84,State Highway,No,Emergency crews dispatched to Kaziranga for immediate rockfall / debris flow on highway containment and traffic rerouting.
INC-NER-2026-0009,2026-08-23 14:25:52,Tripura,North Tripura,Dharmanagar,24.35925,92.16143,Civic & Public Safety,Urban Waterlogging / Drainage Overflow,Moderate (Level 2),Under Assessment,Citizen Telemetry App,55,0,0,8,1.69,NH-37,No,Emergency crews dispatched to Dharmanagar for immediate urban waterlogging / drainage overflow containment and traffic rerouting.
INC-NER-2026-0245,2026-08-23 13:08:08,Tripura,North Tripura,Dharmanagar,24.3677,92.167,Civic & Public Safety,Border Checkpost Delay / Traffic Snarl,Low (Level 1),Emergency Response Dispatched,SDRF Telemetry,35,0,0,1,2.41,NH-27,No,Emergency crews dispatched to Dharmanagar for immediate border checkpost delay / traffic snarl containment and traffic rerouting.
INC-NER-2026-0012,2026-08-23 12:44:10,Meghalaya,West Garo Hills,Tura,25.50293,90.19737,Geological & Earth Hazards,Subsidence / Ground Cracking,High (Level 3),Emergency Response Dispatched,State Disaster Management Authority (SDMA),92,0,3,166,25.04,State Highway,Yes,Emergency crews dispatched to Tura for immediate subsidence / ground cracking containment and traffic rerouting.
INC-NER-2026-0227,2026-08-23 11:49:18,Manipur,Churachandpur,Churachandpur,24.34661,93.69595,Environmental & Wildlife,Forest Fire / Wildfire Outbreak,Moderate (Level 2),Emergency Response Dispatched,Border Roads Organisation (BRO),8,0,0,21,0.65,None / N/A,No,Emergency crews dispatched to Churachandpur for immediate forest fire / wildfire outbreak containment and traffic rerouting.
INC-NER-2026-0091,2026-08-23 11:46:14,Tripura,Gomati,Udaipur,23.5445,91.47449,Hydro-Meteorological,Major Landslide / Slope Failure,Critical (Level 4),Under Assessment,Forest Department Radar,90,0,0,2649,115.75,NH-102,Yes,Emergency crews dispatched to Udaipur for immediate major landslide / slope failure containment and traffic rerouting.
INC-NER-2026-0335,2026-08-23 11:45:04,Arunachal Pradesh,Tawang,Tawang,27.57125,91.87095,Civic & Public Safety,Industrial Chemical Spill / Fire Incident,High (Level 3),Under Assessment,State Disaster Management Authority (SDMA),19,0,1,61,27.97,NH-37,Yes,Emergency crews dispatched to Tawang for immediate industrial chemical spill / fire incident containment and traffic rerouting.
INC-NER-2026-0212,2026-08-23 11:41:33,Meghalaya,East Khasi Hills,Shillong,25.56393,91.90659,Civic & Public Safety,Urban Waterlogging / Drainage Overflow,Low (Level 1),Resolved / Cleared,Police Integrated Control Room,82,0,0,40,3.21,NH-29,No,Emergency crews dispatched to Shillong for immediate urban waterlogging / drainage overflow containment and traffic rerouting.
INC-NER-2026-0294,2026-08-23 11:24:11,Mizoram,Champhai,Champhai,23.45927,93.32139,Environmental & Wildlife,Poaching Counter-Operation,Low (Level 1),Resolved / Cleared,Forest Department Radar,119,0,0,17,1.44,NH-10,No,Emergency crews dispatched to Champhai for immediate poaching counter-operation containment and traffic rerouting.
INC-NER-2026-0060,2026-08-23 10:54:02,Manipur,Imphal West,Imphal,24.80676,93.93249,Civic & Public Safety,Industrial Chemical Spill / Fire Incident,Moderate (Level 2),Mitigation In Progress,NDRF Control Room,55,0,0,3,2.61,NH-29,No,Emergency crews dispatched to Imphal for immediate industrial chemical spill / fire incident containment and traffic rerouting.
INC-NER-2026-0158,2026-08-23 10:39:07,Assam,Jorhat,Jorhat,26.75471,94.1923,Geological & Earth Hazards,Minor Tremor / Seismic Activity,High (Level 3),Resolved / Cleared,State Disaster Management Authority (SDMA),93,0,0,252,23.74,NH-10,Yes,Emergency crews dispatched to Jorhat for immediate minor tremor / seismic activity containment and traffic rerouting.
INC-NER-2026-0002,2026-08-23 10:10:28,Manipur,Imphal West,Imphal,24.80564,93.92876,Traffic & Infrastructure,Bridge Submersion / Structural Washout,Critical (Level 4),Resolved / Cleared,Forest Department Radar,113,1,0,301,178.21,NH-08,Yes,Emergency crews dispatched to Imphal for immediate bridge submersion / structural washout containment and traffic rerouting.
INC-NER-2026-0224,2026-08-23 10:08:21,Nagaland,Kohima,Kohima,25.68588,94.11698,Traffic & Infrastructure,Power Grid Failure / Transmission Break,Low (Level 1),Resolved / Cleared,Police Integrated Control Room,92,0,0,3,2.51,NH-37,No,Emergency crews dispatched to Kohima for immediate power grid failure / transmission break containment and traffic rerouting.
INC-NER-2026-0256,2026-08-23 09:54:33,Arunachal Pradesh,East Siang,Pasighat,28.06576,95.31545,Environmental & Wildlife,Poaching Counter-Operation,Moderate (Level 2),Reported / Triaged,Forest Department Radar,102,0,0,15,1.74,State Highway,No,Emergency crews dispatched to Pasighat for immediate poaching counter-operation containment and traffic rerouting.
INC-NER-2026-0076,2026-08-23 09:48:33,Manipur,Ukhrul,Ukhrul,25.13148,94.37098,Hydro-Meteorological,Flash Flood / River Water Inundation,Moderate (Level 2),Mitigation In Progress,SDRF Telemetry,39,0,0,14,3.24,NH-37,No,Emergency crews dispatched to Ukhrul for immediate flash flood / river water inundation containment and traffic rerouting.
INC-NER-2026-0246,2026-08-23 09:48:13,Meghalaya,East Khasi Hills,Shillong,25.57111,91.88343,Civic & Public Safety,Public Protests / Road Blockade Demonstration,Critical (Level 4),Mitigation In Progress,State Disaster Management Authority (SDMA),86,0,0,2936,194.2,NH-10,Yes,Emergency crews dispatched to Shillong for immediate public protests / road blockade demonstration containment and traffic rerouting.
INC-NER-2026-0008,2026-08-23 08:50:25,Meghalaya,Ri-Bhoi,Nongpoh,25.8916,91.88323,Environmental & Wildlife,Poaching Counter-Operation,Moderate (Level 2),Emergency Response Dispatched,SDRF Telemetry,16,0,0,27,4.45,NH-37,No,Emergency crews dispatched to Nongpoh for immediate poaching counter-operation containment and traffic rerouting.
INC-NER-2026-0104,2026-08-23 08:44:59,Assam,Sonitpur,Tezpur,26.6256,92.81014,Geological & Earth Hazards,Minor Tremor / Seismic Activity,High (Level 3),Resolved / Cleared,Citizen Telemetry App,30,0,1,66,11.91,NH-102,Yes,Emergency crews dispatched to Tezpur for immediate minor tremor / seismic activity containment and traffic rerouting.
INC-NER-2026-0217,2026-08-23 08:16:07,Mizoram,Lunglei,Lunglei,22.87873,92.71887,Traffic & Infrastructure,Power Grid Failure / Transmission Break,Low (Level 1),Emergency Response Dispatched,SDRF Telemetry,111,0,0,24,3.72,NH-29,No,Emergency crews dispatched to Lunglei for immediate power grid failure / transmission break containment and traffic rerouting.
INC-NER-2026-0168,2026-08-23 07:33:05,Sikkim,North Sikkim,Mangan,27.51021,88.54319,Hydro-Meteorological,River Bank Erosion,High (Level 3),Mitigation In Progress,Border Roads Organisation (BRO),34,0,0,190,16.03,State Highway,Yes,Emergency crews dispatched to Mangan for immediate river bank erosion containment and traffic rerouting.
INC-NER-2026-0117,2026-08-23 07:13:15,Assam,Golaghat,Kaziranga,26.57624,93.16446,Traffic & Infrastructure,Bridge Submersion / Structural Washout,High (Level 3),Under Assessment,Border Roads Organisation (BRO),94,0,1,38,25.43,NH-37,Yes,Emergency crews dispatched to Kaziranga for immediate bridge submersion / structural washout containment and traffic rerouting.
INC-NER-2026-0109,2026-08-23 06:18:36,Manipur,Tengnoupal,Moreh,24.22791,94.31877,Traffic & Infrastructure,Bridge Submersion / Structural Washout,Critical (Level 4),Under Assessment,Police Integrated Control Room,99,0,2,2539,157.44,NH-102,Yes,Emergency crews dispatched to Moreh for immediate bridge submersion / structural washout containment and traffic rerouting.
INC-NER-2026-0050,2026-08-23 06:10:40,Assam,Kamrup Metropolitan,Guwahati,26.1444,91.74824,Civic & Public Safety,Industrial Chemical Spill / Fire Incident,Moderate (Level 2),Resolved / Cleared,Police Integrated Control Room,113,0,0,22,4.74,NH-10,No,Emergency crews dispatched to Guwahati for immediate industrial chemical spill / fire incident containment and traffic rerouting.
INC-NER-2026-0027,2026-08-23 05:56:28,Sikkim,South Sikkim,Namchi,27.17763,88.35961,Geological & Earth Hazards,Minor Tremor / Seismic Activity,Moderate (Level 2),Emergency Response Dispatched,Police Integrated Control Room,11,0,0,39,0.1,NH-37,No,Emergency crews dispatched to Namchi for immediate minor tremor / seismic activity containment and traffic rerouting.
INC-NER-2026-0198,2026-08-23 05:31:05,Arunachal Pradesh,East Siang,Pasighat,28.0685,95.31868,Civic & Public Safety,Urban Waterlogging / Drainage Overflow,Low (Level 1),Under Assessment,Citizen Telemetry App,79,0,0,34,4.73,NH-102,No,Emergency crews dispatched to Pasighat for immediate urban waterlogging / drainage overflow containment and traffic rerouting.
INC-NER-2026-0243,2026-08-23 05:29:19,Meghalaya,West Garo Hills,Tura,25.52008,90.20637,Traffic & Infrastructure,National Highway Road Blockade,High (Level 3),Reported / Triaged,Police Integrated Control Room,73,0,0,369,9.91,NH-08,Yes,Emergency crews dispatched to Tura for immediate national highway road blockade containment and traffic rerouting.
INC-NER-2026-0146,2026-08-23 05:20:23,Arunachal Pradesh,Tawang,Tawang,27.59646,91.86807,Hydro-Meteorological,Major Landslide / Slope Failure,High (Level 3),Resolved / Cleared,Forest Department Radar,100,0,1,421,9.74,NH-08,Yes,Emergency crews dispatched to Tawang for immediate major landslide / slope failure containment and traffic rerouting.
INC-NER-2026-0279,2026-08-23 05:08:05,Assam,Dima Hasao,Haflong,25.17552,93.02968,Hydro-Meteorological,Major Landslide / Slope Failure,High (Level 3),Mitigation In Progress,SDRF Telemetry,35,0,0,436,3.05,None / N/A,Yes,Emergency crews dispatched to Haflong for immediate major landslide / slope failure containment and traffic rerouting.
INC-NER-2026-0026,2026-08-23 05:05:42,Assam,Kamrup Metropolitan,Guwahati,26.14741,91.73435,Hydro-Meteorological,Flash Flood / River Water Inundation,Low (Level 1),Emergency Response Dispatched,Forest Department Radar,20,0,0,20,4.57,NH-10,No,Emergency crews dispatched to Guwahati for immediate flash flood / river water inundation containment and traffic rerouting.
INC-NER-2026-0135,2026-08-23 04:46:23,Manipur,Ukhrul,Ukhrul,25.12039,94.36118,Hydro-Meteorological,River Bank Erosion,Critical (Level 4),Reported / Triaged,Border Roads Organisation (BRO),106,2,2,2245,17.39,NH-37,Yes,Emergency crews dispatched to Ukhrul for immediate river bank erosion containment and traffic rerouting.
INC-NER-2026-0184,2026-08-23 04:19:37,Assam,Kamrup Metropolitan,Guwahati,26.14162,91.7464,Hydro-Meteorological,River Bank Erosion,Critical (Level 4),Mitigation In Progress,Police Integrated Control Room,11,1,12,2139,244.73,NH-10,Yes,Emergency crews dispatched to Guwahati for immediate river bank erosion containment and traffic rerouting.
INC-NER-2026-0073,2026-08-23 03:51:14,Manipur,Ukhrul,Ukhrul,25.11577,94.36822,Traffic & Infrastructure,Power Grid Failure / Transmission Break,Moderate (Level 2),Emergency Response Dispatched,Police Integrated Control Room,27,0,0,46,4.74,NH-37,No,Emergency crews dispatched to Ukhrul for immediate power grid failure / transmission break containment and traffic rerouting.
INC-NER-2026-0074,2026-08-23 03:34:32,Sikkim,North Sikkim,Mangan,27.51818,88.53485,Hydro-Meteorological,Cyclone / Violent Wind Damage,Moderate (Level 2),Reported / Triaged,SDRF Telemetry,60,0,0,18,3.74,NH-29,No,Emergency crews dispatched to Mangan for immediate cyclone / violent wind damage containment and traffic rerouting.
INC-NER-2026-0071,2026-08-23 03:31:34,Manipur,Imphal West,Imphal,24.82769,93.92682,Hydro-Meteorological,Major Landslide / Slope Failure,Critical (Level 4),Emergency Response Dispatched,Border Roads Organisation (BRO),114,0,2,268,102.48,State Highway,Yes,Emergency crews dispatched to Imphal for immediate major landslide / slope failure containment and traffic rerouting.
INC-NER-2026-0333,2026-08-23 03:05:02,Assam,Golaghat,Kaziranga,26.5653,93.17719,Hydro-Meteorological,Major Landslide / Slope Failure,Critical (Level 4),Reported / Triaged,Police Integrated Control Room,87,0,2,2203,229.45,NH-08,Yes,Emergency crews dispatched to Kaziranga for immediate major landslide / slope failure containment and traffic rerouting.
INC-NER-2026-0268,2026-08-23 02:55:02,Assam,Dibrugarh,Dibrugarh,27.48069,94.90074,Hydro-Meteorological,Major Landslide / Slope Failure,Critical (Level 4),Resolved / Cleared,Forest Department Radar,51,0,0,3145,201.23,None / N/A,Yes,Emergency crews dispatched to Dibrugarh for immediate major landslide / slope failure containment and traffic rerouting.
INC-NER-2026-0061,2026-08-23 02:30:21,Manipur,Tengnoupal,Moreh,24.23612,94.29401,Hydro-Meteorological,Cyclone / Violent Wind Damage,Low (Level 1),Under Assessment,Citizen Telemetry App,57,0,0,45,4.74,NH-10,No,Emergency crews dispatched to Moreh for immediate cyclone / violent wind damage containment and traffic rerouting.
INC-NER-2026-0226,2026-08-23 02:27:06,Nagaland,Kohima,Kohima,25.66519,94.09582,Hydro-Meteorological,Cloudburst / Heavy Rainfall Blockade,High (Level 3),Mitigation In Progress,Forest Department Radar,88,0,0,401,28.12,NH-10,Yes,Emergency crews dispatched to Kohima for immediate cloudburst / heavy rainfall blockade containment and traffic rerouting.
INC-NER-2026-0112,2026-08-23 02:08:12,Assam,Sonitpur,Tezpur,26.63751,92.81453,Traffic & Infrastructure,Communication Fiber Cut,Low (Level 1),Reported / Triaged,Citizen Telemetry App,95,0,0,15,3.88,NH-102,No,Emergency crews dispatched to Tezpur for immediate communication fiber cut containment and traffic rerouting.
INC-NER-2026-0121,2026-08-23 01:12:37,Sikkim,North Sikkim,Mangan,27.50634,88.53944,Geological & Earth Hazards,Minor Tremor / Seismic Activity,High (Level 3),Resolved / Cleared,State Disaster Management Authority (SDMA),21,0,0,264,10.32,None / N/A,Yes,Emergency crews dispatched to Mangan for immediate minor tremor / seismic activity containment and traffic rerouting.
INC-NER-2026-0248,2026-08-23 00:57:03,Arunachal Pradesh,Papum Pare,Itanagar,27.0869,93.61114,Traffic & Infrastructure,Power Grid Failure / Transmission Break,Moderate (Level 2),Reported / Triaged,SDRF Telemetry,59,0,0,25,1.28,NH-102,No,Emergency crews dispatched to Itanagar for immediate power grid failure / transmission break containment and traffic rerouting.
INC-NER-2026-0140,2026-08-23 00:47:53,Nagaland,Dimapur,Dimapur,25.92064,93.73709,Hydro-Meteorological,Cyclone / Violent Wind Damage,Low (Level 1),Reported / Triaged,Citizen Telemetry App,96,0,0,41,2.94,NH-10,No,Emergency crews dispatched to Dimapur for immediate cyclone / violent wind damage containment and traffic rerouting.
INC-NER-2026-0186,2026-08-23 00:33:50,Manipur,Ukhrul,Ukhrul,25.1176,94.37681,Traffic & Infrastructure,Power Grid Failure / Transmission Break,Moderate (Level 2),Mitigation In Progress,Border Roads Organisation (BRO),50,0,0,23,3.95,NH-29,No,Emergency crews dispatched to Ukhrul for immediate power grid failure / transmission break containment and traffic rerouting.
INC-NER-2026-0101,2026-08-23 00:29:36,Tripura,Gomati,Udaipur,23.53628,91.48173,Hydro-Meteorological,River Bank Erosion,Moderate (Level 2),Reported / Triaged,NDRF Control Room,55,0,0,32,1.05,NH-29,No,Emergency crews dispatched to Udaipur for immediate river bank erosion containment and traffic rerouting.
INC-NER-2026-0242,2026-08-23 00:26:49,Meghalaya,West Garo Hills,Tura,25.51818,90.20408,Geological & Earth Hazards,Minor Tremor / Seismic Activity,Moderate (Level 2),Under Assessment,Police Integrated Control Room,25,0,0,20,3.77,None / N/A,No,Emergency crews dispatched to Tura for immediate minor tremor / seismic activity containment and traffic rerouting.
INC-NER-2026-0236,2026-08-23 00:03:00,Nagaland,Mokokchung,Mokokchung,26.31798,94.51501,Environmental & Wildlife,Forest Fire / Wildfire Outbreak,High (Level 3),Resolved / Cleared,Police Integrated Control Room,12,0,3,106,27.92,NH-27,Yes,Emergency crews dispatched to Mokokchung for immediate forest fire / wildfire outbreak containment and traffic rerouting.
INC-NER-2026-0065,2026-08-22 23:46:08,Assam,Dibrugarh,Dibrugarh,27.47412,94.90247,Geological & Earth Hazards,Minor Tremor / Seismic Activity,High (Level 3),Reported / Triaged,Border Roads Organisation (BRO),86,0,1,77,27.36,None / N/A,Yes,Emergency crews dispatched to Dibrugarh for immediate minor tremor / seismic activity containment and traffic rerouting.
INC-NER-2026-0307,2026-08-22 23:44:11,Meghalaya,West Garo Hills,Tura,25.51763,90.20381,Civic & Public Safety,Urban Waterlogging / Drainage Overflow,High (Level 3),Mitigation In Progress,Border Roads Organisation (BRO),29,0,3,478,13.13,NH-37,Yes,Emergency crews dispatched to Tura for immediate urban waterlogging / drainage overflow containment and traffic rerouting.
INC-NER-2026-0136,2026-08-22 23:37:46,Assam,Golaghat,Kaziranga,26.58659,93.1711,Civic & Public Safety,Urban Waterlogging / Drainage Overflow,Low (Level 1),Emergency Response Dispatched,Citizen Telemetry App,88,0,0,26,2.14,NH-102,No,Emergency crews dispatched to Kaziranga for immediate urban waterlogging / drainage overflow containment and traffic rerouting.
INC-NER-2026-0088,2026-08-22 23:01:34,Assam,Dima Hasao,Haflong,25.16257,93.00275,Hydro-Meteorological,River Bank Erosion,Moderate (Level 2),Emergency Response Dispatched,Forest Department Radar,102,0,0,36,2.17,NH-29,No,Emergency crews dispatched to Haflong for immediate river bank erosion containment and traffic rerouting.
INC-NER-2026-0231,2026-08-22 22:22:05,Manipur,Tengnoupal,Moreh,24.23352,94.31069,Hydro-Meteorological,Cloudburst / Heavy Rainfall Blockade,Critical (Level 4),Mitigation In Progress,Forest Department Radar,56,0,2,1526,203.08,NH-27,Yes,Emergency crews dispatched to Moreh for immediate cloudburst / heavy rainfall blockade containment and traffic rerouting.
INC-NER-2026-0194,2026-08-22 21:42:13,Assam,Dima Hasao,Haflong,25.16786,93.00406,Civic & Public Safety,Urban Waterlogging / Drainage Overflow,Moderate (Level 2),Under Assessment,Citizen Telemetry App,35,0,0,43,1.28,NH-08,No,Emergency crews dispatched to Haflong for immediate urban waterlogging / drainage overflow containment and traffic rerouting.
INC-NER-2026-0124,2026-08-22 21:20:09,Nagaland,Mokokchung,Mokokchung,26.31621,94.52198,Hydro-Meteorological,Cloudburst / Heavy Rainfall Blockade,Critical (Level 4),Resolved / Cleared,Citizen Telemetry App,38,2,2,2698,150.12,NH-29,Yes,Emergency crews dispatched to Mokokchung for immediate cloudburst / heavy rainfall blockade containment and traffic rerouting.
INC-NER-2026-0165,2026-08-22 21:06:05,Nagaland,Kohima,Kohima,25.68206,94.09542,Traffic & Infrastructure,National Highway Road Blockade,Moderate (Level 2),Emergency Response Dispatched,SDRF Telemetry,104,0,0,27,4.28,NH-27,No,Emergency crews dispatched to Kohima for immediate national highway road blockade containment and traffic rerouting.
INC-NER-2026-0013,2026-08-22 20:55:09,Arunachal Pradesh,Tawang,Tawang,27.59596,91.85442,Environmental & Wildlife,Wild Elephant Corridor Movement / Human Wildlife Conflict,High (Level 3),Emergency Response Dispatched,SDRF Telemetry,47,0,6,424,7.92,NH-27,Yes,Emergency crews dispatched to Tawang for immediate wild elephant corridor movement / human wildlife conflict containment and traffic rerouting.
INC-NER-2026-0016,2026-08-22 20:33:02,Assam,Golaghat,Kaziranga,26.57415,93.1807,Hydro-Meteorological,Cloudburst / Heavy Rainfall Blockade,Critical (Level 4),Emergency Response Dispatched,NDRF Control Room,102,5,25,1588,244.56,NH-27,Yes,Emergency crews dispatched to Kaziranga for immediate cloudburst / heavy rainfall blockade containment and traffic rerouting.
INC-NER-2026-0092,2026-08-22 20:18:07,Manipur,Tengnoupal,Moreh,24.21988,94.30228,Hydro-Meteorological,Flash Flood / River Water Inundation,Moderate (Level 2),Under Assessment,NDRF Control Room,33,0,0,28,4.57,NH-29,No,Emergency crews dispatched to Moreh for immediate flash flood / river water inundation containment and traffic rerouting.
INC-NER-2026-0328,2026-08-22 19:47:35,Manipur,Ukhrul,Ukhrul,25.10194,94.37542,Environmental & Wildlife,Wild Elephant Corridor Movement / Human Wildlife Conflict,Moderate (Level 2),Mitigation In Progress,Border Roads Organisation (BRO),72,0,0,20,3.67,NH-29,No,Emergency crews dispatched to Ukhrul for immediate wild elephant corridor movement / human wildlife conflict containment and traffic rerouting.
INC-NER-2026-0273,2026-08-22 19:47:17,Mizoram,Champhai,Champhai,23.46018,93.3198,Traffic & Infrastructure,Rail Line Submersion / Debris Clearance,Low (Level 1),Emergency Response Dispatched,State Disaster Management Authority (SDMA),8,0,0,10,4.94,None / N/A,No,Emergency crews dispatched to Champhai for immediate rail line submersion / debris clearance containment and traffic rerouting.
INC-NER-2026-0042,2026-08-22 19:43:54,Tripura,North Tripura,Dharmanagar,24.38749,92.17283,Hydro-Meteorological,Major Landslide / Slope Failure,High (Level 3),Under Assessment,Police Integrated Control Room,64,0,0,132,6.43,NH-37,Yes,Emergency crews dispatched to Dharmanagar for immediate major landslide / slope failure containment and traffic rerouting.
INC-NER-2026-0258,2026-08-22 19:42:16,Meghalaya,West Garo Hills,Tura,25.51235,90.20927,Hydro-Meteorological,River Bank Erosion,High (Level 3),Under Assessment,Police Integrated Control Room,70,0,1,197,26.32,NH-29,Yes,Emergency crews dispatched to Tura for immediate river bank erosion containment and traffic rerouting.
INC-NER-2026-0096,2026-08-22 19:10:12,Sikkim,South Sikkim,Namchi,27.18003,88.35357,Civic & Public Safety,Public Protests / Road Blockade Demonstration,Moderate (Level 2),Reported / Triaged,Citizen Telemetry App,62,0,0,41,4.32,NH-10,No,Emergency crews dispatched to Namchi for immediate public protests / road blockade demonstration containment and traffic rerouting.
INC-NER-2026-0349,2026-08-22 19:06:35,Mizoram,Lunglei,Lunglei,22.88735,92.72072,Traffic & Infrastructure,Bridge Submersion / Structural Washout,High (Level 3),Emergency Response Dispatched,State Disaster Management Authority (SDMA),16,0,0,367,15.21,NH-10,Yes,Emergency crews dispatched to Lunglei for immediate bridge submersion / structural washout containment and traffic rerouting.
INC-NER-2026-0181,2026-08-22 18:59:18,Nagaland,Kohima,Kohima,25.6781,94.09785,Hydro-Meteorological,Flash Flood / River Water Inundation,High (Level 3),Reported / Triaged,State Disaster Management Authority (SDMA),97,0,0,155,13.44,NH-29,Yes,Emergency crews dispatched to Kohima for immediate flash flood / river water inundation containment and traffic rerouting.
INC-NER-2026-0044,2026-08-22 18:51:46,Assam,Dima Hasao,Haflong,25.17639,93.02377,Hydro-Meteorological,Cloudburst / Heavy Rainfall Blockade,Catastrophic (Level 5),Under Assessment,State Disaster Management Authority (SDMA),102,0,12,2825,41.87,NH-102,Yes,Emergency crews dispatched to Haflong for immediate cloudburst / heavy rainfall blockade containment and traffic rerouting.
INC-NER-2026-0306,2026-08-22 18:33:19,Tripura,West Tripura,Agartala,23.82938,91.29927,Traffic & Infrastructure,Communication Fiber Cut,Moderate (Level 2),Under Assessment,Citizen Telemetry App,66,0,0,29,2.16,State Highway,No,Emergency crews dispatched to Agartala for immediate communication fiber cut containment and traffic rerouting.
INC-NER-2026-0169,2026-08-22 17:12:15,Nagaland,Kohima,Kohima,25.67824,94.09416,Civic & Public Safety,Border Checkpost Delay / Traffic Snarl,High (Level 3),Mitigation In Progress,Citizen Telemetry App,64,0,3,27,14.18,NH-29,Yes,Emergency crews dispatched to Kohima for immediate border checkpost delay / traffic snarl containment and traffic rerouting.
INC-NER-2026-0149,2026-08-22 15:25:40,Arunachal Pradesh,East Siang,Pasighat,28.06818,95.31164,Hydro-Meteorological,River Bank Erosion,Moderate (Level 2),Under Assessment,Border Roads Organisation (BRO),67,0,0,8,1.21,State Highway,No,Emergency crews dispatched to Pasighat for immediate river bank erosion containment and traffic rerouting.
INC-NER-2026-0263,2026-08-22 14:55:21,Arunachal Pradesh,Papum Pare,Itanagar,27.07724,93.60029,Traffic & Infrastructure,Communication Fiber Cut,Low (Level 1),Resolved / Cleared,SDRF Telemetry,27,0,0,42,2.87,NH-102,No,Emergency crews dispatched to Itanagar for immediate communication fiber cut containment and traffic rerouting.
INC-NER-2026-0070,2026-08-22 14:48:46,Assam,Golaghat,Kaziranga,26.57297,93.16922,Environmental & Wildlife,Forest Fire / Wildfire Outbreak,Moderate (Level 2),Resolved / Cleared,Police Integrated Control Room,49,0,0,10,1.58,NH-10,No,Emergency crews dispatched to Kaziranga for immediate forest fire / wildfire outbreak containment and traffic rerouting.
INC-NER-2026-0196,2026-08-22 12:58:38,Arunachal Pradesh,Tawang,Tawang,27.58783,91.86547,Hydro-Meteorological,Flash Flood / River Water Inundation,Moderate (Level 2),Resolved / Cleared,Border Roads Organisation (BRO),102,0,0,3,1.5,NH-10,No,Emergency crews dispatched to Tawang for immediate flash flood / river water inundation containment and traffic rerouting.
INC-NER-2026-0029,2026-08-22 12:49:53,Tripura,North Tripura,Dharmanagar,24.36394,92.16861,Traffic & Infrastructure,Rail Line Submersion / Debris Clearance,Low (Level 1),Emergency Response Dispatched,Police Integrated Control Room,16,0,0,43,2.82,NH-102,No,Emergency crews dispatched to Dharmanagar for immediate rail line submersion / debris clearance containment and traffic rerouting.
INC-NER-2026-0077,2026-08-22 12:29:51,Tripura,North Tripura,Dharmanagar,24.37821,92.16815,Traffic & Infrastructure,Rail Line Submersion / Debris Clearance,Moderate (Level 2),Resolved / Cleared,Border Roads Organisation (BRO),77,0,0,36,0.27,NH-29,No,Emergency crews dispatched to Dharmanagar for immediate rail line submersion / debris clearance containment and traffic rerouting.
INC-NER-2026-0067,2026-08-22 12:07:55,Sikkim,East Sikkim,Gangtok,27.34375,88.60059,Hydro-Meteorological,River Bank Erosion,High (Level 3),Emergency Response Dispatched,Police Integrated Control Room,94,0,0,220,5.77,NH-08,Yes,Emergency crews dispatched to Gangtok for immediate river bank erosion containment and traffic rerouting.
INC-NER-2026-0033,2026-08-22 11:41:01,Assam,Dima Hasao,Haflong,25.17652,93.01036,Geological & Earth Hazards,Subsidence / Ground Cracking,Low (Level 1),Mitigation In Progress,Border Roads Organisation (BRO),99,0,0,24,2.36,NH-29,No,Emergency crews dispatched to Haflong for immediate subsidence / ground cracking containment and traffic rerouting.
INC-NER-2026-0108,2026-08-22 11:33:50,Mizoram,Aizawl,Aizawl,23.73536,92.73246,Geological & Earth Hazards,Minor Tremor / Seismic Activity,Moderate (Level 2),Under Assessment,NDRF Control Room,44,0,0,26,2.06,NH-37,No,Emergency crews dispatched to Aizawl for immediate minor tremor / seismic activity containment and traffic rerouting.
INC-NER-2026-0142,2026-08-22 10:58:05,Manipur,Ukhrul,Ukhrul,25.11373,94.38117,Geological & Earth Hazards,Minor Tremor / Seismic Activity,High (Level 3),Mitigation In Progress,State Disaster Management Authority (SDMA),33,0,1,448,9.05,NH-27,Yes,Emergency crews dispatched to Ukhrul for immediate minor tremor / seismic activity containment and traffic rerouting.
INC-NER-2026-0204,2026-08-22 10:52:18,Assam,Dibrugarh,Dibrugarh,27.46462,94.90015,Traffic & Infrastructure,Communication Fiber Cut,Moderate (Level 2),Emergency Response Dispatched,Forest Department Radar,56,0,0,3,3.16,NH-27,No,Emergency crews dispatched to Dibrugarh for immediate communication fiber cut containment and traffic rerouting.
INC-NER-2026-0286,2026-08-22 10:38:00,Tripura,Gomati,Udaipur,23.52382,91.47653,Traffic & Infrastructure,National Highway Road Blockade,Moderate (Level 2),Emergency Response Dispatched,Border Roads Organisation (BRO),57,0,0,37,2.17,None / N/A,No,Emergency crews dispatched to Udaipur for immediate national highway road blockade containment and traffic rerouting.
INC-NER-2026-0347,2026-08-22 09:30:28,Manipur,Churachandpur,Churachandpur,24.33759,93.67421,Environmental & Wildlife,Forest Fire / Wildfire Outbreak,Low (Level 1),Mitigation In Progress,State Disaster Management Authority (SDMA),20,0,0,4,4.72,NH-29,No,Emergency crews dispatched to Churachandpur for immediate forest fire / wildfire outbreak containment and traffic rerouting.
INC-NER-2026-0320,2026-08-22 09:30:25,Manipur,Ukhrul,Ukhrul,25.13138,94.37809,Hydro-Meteorological,Cyclone / Violent Wind Damage,Moderate (Level 2),Mitigation In Progress,Police Integrated Control Room,106,0,0,47,3.31,State Highway,No,Emergency crews dispatched to Ukhrul for immediate cyclone / violent wind damage containment and traffic rerouting.
INC-NER-2026-0038,2026-08-22 09:08:57,Manipur,Churachandpur,Churachandpur,24.33985,93.68494,Traffic & Infrastructure,National Highway Road Blockade,High (Level 3),Reported / Triaged,NDRF Control Room,9,0,1,205,15.77,NH-27,Yes,Emergency crews dispatched to Churachandpur for immediate national highway road blockade containment and traffic rerouting.
INC-NER-2026-0350,2026-08-22 09:02:38,Meghalaya,East Khasi Hills,Cherrapunji,25.2846,91.72117,Hydro-Meteorological,Cyclone / Violent Wind Damage,Moderate (Level 2),Emergency Response Dispatched,Border Roads Organisation (BRO),8,0,0,25,1.62,NH-27,No,Emergency crews dispatched to Cherrapunji for immediate cyclone / violent wind damage containment and traffic rerouting.
INC-NER-2026-0075,2026-08-22 08:36:46,Arunachal Pradesh,Papum Pare,Itanagar,27.09658,93.61011,Civic & Public Safety,Public Protests / Road Blockade Demonstration,Moderate (Level 2),Emergency Response Dispatched,Police Integrated Control Room,46,0,0,5,0.2,State Highway,No,Emergency crews dispatched to Itanagar for immediate public protests / road blockade demonstration containment and traffic rerouting.
INC-NER-2026-0202,2026-08-22 07:35:45,Assam,Jorhat,Jorhat,26.75688,94.20751,Hydro-Meteorological,River Bank Erosion,High (Level 3),Under Assessment,Forest Department Radar,106,0,0,272,9.91,NH-27,Yes,Emergency crews dispatched to Jorhat for immediate river bank erosion containment and traffic rerouting.
INC-NER-2026-0190,2026-08-22 07:25:25,Tripura,North Tripura,Dharmanagar,24.36942,92.17252,Civic & Public Safety,Public Protests / Road Blockade Demonstration,Critical (Level 4),Mitigation In Progress,Border Roads Organisation (BRO),67,1,0,824,80.48,NH-27,Yes,Emergency crews dispatched to Dharmanagar for immediate public protests / road blockade demonstration containment and traffic rerouting.
INC-NER-2026-0254,2026-08-22 07:24:21,Arunachal Pradesh,Papum Pare,Itanagar,27.07355,93.60415,Traffic & Infrastructure,Communication Fiber Cut,Low (Level 1),Under Assessment,State Disaster Management Authority (SDMA),96,0,0,13,2.4,NH-27,No,Emergency crews dispatched to Itanagar for immediate communication fiber cut containment and traffic rerouting.
INC-NER-2026-0103,2026-08-22 07:22:08,Manipur,Churachandpur,Churachandpur,24.32386,93.69639,Environmental & Wildlife,Wild Elephant Corridor Movement / Human Wildlife Conflict,Low (Level 1),Reported / Triaged,State Disaster Management Authority (SDMA),104,0,0,16,2.85,NH-27,No,Emergency crews dispatched to Churachandpur for immediate wild elephant corridor movement / human wildlife conflict containment and traffic rerouting.
INC-NER-2026-0297,2026-08-22 07:07:07,Arunachal Pradesh,East Siang,Pasighat,28.06096,95.32386,Hydro-Meteorological,Cloudburst / Heavy Rainfall Blockade,Critical (Level 4),Reported / Triaged,SDRF Telemetry,117,0,5,1097,46.58,NH-102,Yes,Emergency crews dispatched to Pasighat for immediate cloudburst / heavy rainfall blockade containment and traffic rerouting.
INC-NER-2026-0097,2026-08-22 06:43:55,Meghalaya,West Garo Hills,Tura,25.51501,90.20206,Traffic & Infrastructure,Communication Fiber Cut,High (Level 3),Mitigation In Progress,Citizen Telemetry App,22,0,0,133,16.59,State Highway,Yes,Emergency crews dispatched to Tura for immediate communication fiber cut containment and traffic rerouting.
INC-NER-2026-0087,2026-08-22 06:35:05,Mizoram,Aizawl,Aizawl,23.71843,92.703,Civic & Public Safety,Industrial Chemical Spill / Fire Incident,Low (Level 1),Reported / Triaged,State Disaster Management Authority (SDMA),104,0,0,23,2.9,State Highway,No,Emergency crews dispatched to Aizawl for immediate industrial chemical spill / fire incident containment and traffic rerouting.
INC-NER-2026-0251,2026-08-22 06:16:29,Manipur,Imphal West,Imphal,24.80741,93.93383,Environmental & Wildlife,Wild Elephant Corridor Movement / Human Wildlife Conflict,Moderate (Level 2),Mitigation In Progress,Border Roads Organisation (BRO),41,0,0,9,3.69,None / N/A,No,Emergency crews dispatched to Imphal for immediate wild elephant corridor movement / human wildlife conflict containment and traffic rerouting.
INC-NER-2026-0107,2026-08-22 05:58:15,Arunachal Pradesh,East Siang,Pasighat,28.0684,95.32179,Environmental & Wildlife,Poaching Counter-Operation,Moderate (Level 2),Under Assessment,Police Integrated Control Room,24,0,0,49,3.1,NH-27,No,Emergency crews dispatched to Pasighat for immediate poaching counter-operation containment and traffic rerouting.
INC-NER-2026-0189,2026-08-22 05:51:08,Tripura,West Tripura,Agartala,23.82567,91.30116,Hydro-Meteorological,Flash Flood / River Water Inundation,Low (Level 1),Reported / Triaged,Forest Department Radar,52,0,0,25,4.23,None / N/A,No,Emergency crews dispatched to Agartala for immediate flash flood / river water inundation containment and traffic rerouting.
INC-NER-2026-0030,2026-08-22 05:06:01,Meghalaya,Ri-Bhoi,Nongpoh,25.91336,91.86542,Civic & Public Safety,Industrial Chemical Spill / Fire Incident,Moderate (Level 2),Reported / Triaged,Border Roads Organisation (BRO),16,0,0,14,3.5,State Highway,No,Emergency crews dispatched to Nongpoh for immediate industrial chemical spill / fire incident containment and traffic rerouting.
INC-NER-2026-0056,2026-08-22 04:57:24,Nagaland,Mokokchung,Mokokchung,26.3328,94.52417,Hydro-Meteorological,Major Landslide / Slope Failure,High (Level 3),Resolved / Cleared,State Disaster Management Authority (SDMA),50,0,3,374,16.54,State Highway,Yes,Emergency crews dispatched to Mokokchung for immediate major landslide / slope failure containment and traffic rerouting.
INC-NER-2026-0095,2026-08-22 02:44:23,Meghalaya,East Khasi Hills,Shillong,25.59294,91.90277,Hydro-Meteorological,Major Landslide / Slope Failure,Critical (Level 4),Under Assessment,Forest Department Radar,20,0,0,2682,129.03,State Highway,Yes,Emergency crews dispatched to Shillong for immediate major landslide / slope failure containment and traffic rerouting.
INC-NER-2026-0290,2026-08-22 02:16:12,Arunachal Pradesh,Tawang,Tawang,27.58214,91.86775,Traffic & Infrastructure,Power Grid Failure / Transmission Break,Moderate (Level 2),Resolved / Cleared,Police Integrated Control Room,21,0,0,8,0.76,NH-08,No,Emergency crews dispatched to Tawang for immediate power grid failure / transmission break containment and traffic rerouting.
INC-NER-2026-0183,2026-08-22 01:59:53,Arunachal Pradesh,West Kameng,Dirang,27.36484,92.22894,Environmental & Wildlife,Wild Elephant Corridor Movement / Human Wildlife Conflict,Moderate (Level 2),Emergency Response Dispatched,Border Roads Organisation (BRO),79,0,0,33,1.47,NH-27,No,Emergency crews dispatched to Dirang for immediate wild elephant corridor movement / human wildlife conflict containment and traffic rerouting.
INC-NER-2026-0086,2026-08-22 01:59:25,Arunachal Pradesh,West Kameng,Dirang,27.34407,92.22232,Traffic & Infrastructure,Rail Line Submersion / Debris Clearance,Low (Level 1),Mitigation In Progress,Police Integrated Control Room,10,0,0,17,0.8,NH-10,No,Emergency crews dispatched to Dirang for immediate rail line submersion / debris clearance containment and traffic rerouting.
INC-NER-2026-0319,2026-08-22 01:58:26,Manipur,Ukhrul,Ukhrul,25.13048,94.36295,Geological & Earth Hazards,Rockfall / Debris Flow on Highway,High (Level 3),Mitigation In Progress,Forest Department Radar,42,0,0,212,27.63,State Highway,Yes,Emergency crews dispatched to Ukhrul for immediate rockfall / debris flow on highway containment and traffic rerouting.
INC-NER-2026-0199,2026-08-22 01:57:32,Nagaland,Mokokchung,Mokokchung,26.31024,94.51502,Geological & Earth Hazards,Rockfall / Debris Flow on Highway,Moderate (Level 2),Emergency Response Dispatched,SDRF Telemetry,13,0,0,28,2.94,None / N/A,No,Emergency crews dispatched to Mokokchung for immediate rockfall / debris flow on highway containment and traffic rerouting.
INC-NER-2026-0250,2026-08-22 00:37:10,Assam,Jorhat,Jorhat,26.74863,94.20172,Traffic & Infrastructure,Bridge Submersion / Structural Washout,High (Level 3),Under Assessment,Forest Department Radar,55,0,1,422,19.9,NH-37,Yes,Emergency crews dispatched to Jorhat for immediate bridge submersion / structural washout containment and traffic rerouting.
INC-NER-2026-0315,2026-08-21 23:34:44,Nagaland,Dimapur,Dimapur,25.89762,93.71455,Traffic & Infrastructure,Power Grid Failure / Transmission Break,High (Level 3),Reported / Triaged,NDRF Control Room,51,0,0,149,4.96,NH-27,Yes,Emergency crews dispatched to Dimapur for immediate power grid failure / transmission break containment and traffic rerouting.
INC-NER-2026-0195,2026-08-21 23:27:28,Assam,Dibrugarh,Dibrugarh,27.45963,94.90438,Hydro-Meteorological,Flash Flood / River Water Inundation,Moderate (Level 2),Emergency Response Dispatched,Police Integrated Control Room,64,0,0,34,2.71,None / N/A,No,Emergency crews dispatched to Dibrugarh for immediate flash flood / river water inundation containment and traffic rerouting.
INC-NER-2026-0148,2026-08-21 23:09:03,Assam,Dibrugarh,Dibrugarh,27.47003,94.91028,Geological & Earth Hazards,Subsidence / Ground Cracking,Moderate (Level 2),Under Assessment,SDRF Telemetry,104,0,0,6,3.87,NH-08,No,Emergency crews dispatched to Dibrugarh for immediate subsidence / ground cracking containment and traffic rerouting.
INC-NER-2026-0019,2026-08-21 23:00:37,Tripura,North Tripura,Dharmanagar,24.36714,92.17128,Civic & Public Safety,Public Protests / Road Blockade Demonstration,Moderate (Level 2),Reported / Triaged,State Disaster Management Authority (SDMA),77,0,0,17,4.24,NH-10,No,Emergency crews dispatched to Dharmanagar for immediate public protests / road blockade demonstration containment and traffic rerouting.
INC-NER-2026-0045,2026-08-21 22:48:05,Assam,Golaghat,Kaziranga,26.5879,93.16539,Civic & Public Safety,Industrial Chemical Spill / Fire Incident,Moderate (Level 2),Mitigation In Progress,Citizen Telemetry App,54,0,0,2,2.61,NH-29,No,Emergency crews dispatched to Kaziranga for immediate industrial chemical spill / fire incident containment and traffic rerouting.
INC-NER-2026-0041,2026-08-21 22:44:27,Arunachal Pradesh,West Kameng,Dirang,27.34745,92.24588,Environmental & Wildlife,Wild Elephant Corridor Movement / Human Wildlife Conflict,Moderate (Level 2),Emergency Response Dispatched,State Disaster Management Authority (SDMA),58,0,0,43,2.99,State Highway,No,Emergency crews dispatched to Dirang for immediate wild elephant corridor movement / human wildlife conflict containment and traffic rerouting.
INC-NER-2026-0078,2026-08-21 21:35:31,Nagaland,Dimapur,Dimapur,25.90681,93.73376,Geological & Earth Hazards,Subsidence / Ground Cracking,Low (Level 1),Resolved / Cleared,NDRF Control Room,93,0,0,47,2.37,NH-29,No,Emergency crews dispatched to Dimapur for immediate subsidence / ground cracking containment and traffic rerouting.
INC-NER-2026-0274,2026-08-21 21:30:12,Nagaland,Mokokchung,Mokokchung,26.32397,94.51977,Environmental & Wildlife,Wild Elephant Corridor Movement / Human Wildlife Conflict,Low (Level 1),Under Assessment,NDRF Control Room,67,0,0,13,1.03,NH-10,No,Emergency crews dispatched to Mokokchung for immediate wild elephant corridor movement / human wildlife conflict containment and traffic rerouting.
INC-NER-2026-0332,2026-08-21 20:41:31,Assam,Dibrugarh,Dibrugarh,27.48765,94.91987,Environmental & Wildlife,Forest Fire / Wildfire Outbreak,Low (Level 1),Under Assessment,Border Roads Organisation (BRO),22,0,0,12,1.76,NH-10,No,Emergency crews dispatched to Dibrugarh for immediate forest fire / wildfire outbreak containment and traffic rerouting.
INC-NER-2026-0157,2026-08-21 20:23:27,Assam,Cachar,Silchar,24.80516,92.79007,Environmental & Wildlife,Wild Elephant Corridor Movement / Human Wildlife Conflict,High (Level 3),Under Assessment,NDRF Control Room,65,0,1,245,21.99,NH-29,Yes,Emergency crews dispatched to Silchar for immediate wild elephant corridor movement / human wildlife conflict containment and traffic rerouting.
INC-NER-2026-0049,2026-08-21 20:15:19,Arunachal Pradesh,West Kameng,Dirang,27.37269,92.24742,Hydro-Meteorological,Cloudburst / Heavy Rainfall Blockade,High (Level 3),Emergency Response Dispatched,State Disaster Management Authority (SDMA),117,0,0,366,22.46,NH-10,Yes,Emergency crews dispatched to Dirang for immediate cloudburst / heavy rainfall blockade containment and traffic rerouting.
INC-NER-2026-0035,2026-08-21 20:03:54,Mizoram,Lunglei,Lunglei,22.87882,92.72007,Hydro-Meteorological,Cyclone / Violent Wind Damage,Low (Level 1),Emergency Response Dispatched,NDRF Control Room,24,0,0,13,0.64,NH-27,No,Emergency crews dispatched to Lunglei for immediate cyclone / violent wind damage containment and traffic rerouting.
INC-NER-2026-0040,2026-08-21 19:50:38,Manipur,Imphal West,Imphal,24.82111,93.92566,Geological & Earth Hazards,Rockfall / Debris Flow on Highway,Moderate (Level 2),Under Assessment,SDRF Telemetry,58,0,0,3,0.51,NH-10,No,Emergency crews dispatched to Imphal for immediate rockfall / debris flow on highway containment and traffic rerouting.
INC-NER-2026-0115,2026-08-21 19:42:30,Arunachal Pradesh,East Siang,Pasighat,28.05674,95.3213,Traffic & Infrastructure,Power Grid Failure / Transmission Break,Low (Level 1),Emergency Response Dispatched,NDRF Control Room,115,0,0,8,0.5,NH-27,No,Emergency crews dispatched to Pasighat for immediate power grid failure / transmission break containment and traffic rerouting.
INC-NER-2026-0054,2026-08-21 19:30:45,Manipur,Imphal West,Imphal,24.81677,93.9227,Traffic & Infrastructure,Communication Fiber Cut,Moderate (Level 2),Under Assessment,Police Integrated Control Room,107,0,0,31,4.7,NH-08,No,Emergency crews dispatched to Imphal for immediate communication fiber cut containment and traffic rerouting.
INC-NER-2026-0289,2026-08-21 19:22:24,Assam,Jorhat,Jorhat,26.74708,94.20977,Civic & Public Safety,Border Checkpost Delay / Traffic Snarl,Moderate (Level 2),Resolved / Cleared,SDRF Telemetry,59,0,0,35,0.58,NH-102,No,Emergency crews dispatched to Jorhat for immediate border checkpost delay / traffic snarl containment and traffic rerouting.
INC-NER-2026-0010,2026-08-21 19:16:04,Arunachal Pradesh,West Kameng,Dirang,27.35577,92.2321,Civic & Public Safety,Industrial Chemical Spill / Fire Incident,Low (Level 1),Mitigation In Progress,NDRF Control Room,33,0,0,20,3.21,NH-27,No,Emergency crews dispatched to Dirang for immediate industrial chemical spill / fire incident containment and traffic rerouting.
INC-NER-2026-0160,2026-08-21 17:43:46,Arunachal Pradesh,West Kameng,Dirang,27.35127,92.23747,Hydro-Meteorological,Cloudburst / Heavy Rainfall Blockade,High (Level 3),Mitigation In Progress,State Disaster Management Authority (SDMA),24,0,0,99,10.81,NH-08,Yes,Emergency crews dispatched to Dirang for immediate cloudburst / heavy rainfall blockade containment and traffic rerouting.
INC-NER-2026-0039,2026-08-21 16:59:13,Meghalaya,East Khasi Hills,Shillong,25.57152,91.87874,Hydro-Meteorological,Flash Flood / River Water Inundation,Moderate (Level 2),Resolved / Cleared,State Disaster Management Authority (SDMA),69,0,0,22,4.05,None / N/A,No,Emergency crews dispatched to Shillong for immediate flash flood / river water inundation containment and traffic rerouting.
INC-NER-2026-0234,2026-08-21 16:39:34,Nagaland,Kohima,Kohima,25.66858,94.12262,Hydro-Meteorological,Cloudburst / Heavy Rainfall Blockade,Critical (Level 4),Under Assessment,SDRF Telemetry,59,0,5,3214,132.34,NH-102,Yes,Emergency crews dispatched to Kohima for immediate cloudburst / heavy rainfall blockade containment and traffic rerouting.
INC-NER-2026-0323,2026-08-21 15:55:29,Manipur,Imphal West,Imphal,24.82958,93.9342,Hydro-Meteorological,Flash Flood / River Water Inundation,Moderate (Level 2),Emergency Response Dispatched,Forest Department Radar,31,0,0,43,0.86,NH-37,No,Emergency crews dispatched to Imphal for immediate flash flood / river water inundation containment and traffic rerouting.
INC-NER-2026-0137,2026-08-21 15:29:49,Mizoram,Champhai,Champhai,23.45485,93.32757,Hydro-Meteorological,Major Landslide / Slope Failure,Critical (Level 4),Mitigation In Progress,Citizen Telemetry App,26,0,0,359,179.95,NH-27,Yes,Emergency crews dispatched to Champhai for immediate major landslide / slope failure containment and traffic rerouting.
INC-NER-2026-0034,2026-08-21 15:11:41,Mizoram,Aizawl,Aizawl,23.73889,92.72727,Traffic & Infrastructure,Power Grid Failure / Transmission Break,Low (Level 1),Under Assessment,State Disaster Management Authority (SDMA),74,0,0,45,0.75,State Highway,No,Emergency crews dispatched to Aizawl for immediate power grid failure / transmission break containment and traffic rerouting.
INC-NER-2026-0285,2026-08-21 15:08:32,Assam,Jorhat,Jorhat,26.76174,94.19461,Hydro-Meteorological,Cloudburst / Heavy Rainfall Blockade,High (Level 3),Mitigation In Progress,Police Integrated Control Room,108,1,0,227,28.55,NH-08,Yes,Emergency crews dispatched to Jorhat for immediate cloudburst / heavy rainfall blockade containment and traffic rerouting.
INC-NER-2026-0005,2026-08-21 15:05:51,Assam,Dibrugarh,Dibrugarh,27.47153,94.89851,Traffic & Infrastructure,Rail Line Submersion / Debris Clearance,Low (Level 1),Emergency Response Dispatched,Forest Department Radar,75,0,0,30,2.11,None / N/A,No,Emergency crews dispatched to Dibrugarh for immediate rail line submersion / debris clearance containment and traffic rerouting.
INC-NER-2026-0342,2026-08-21 15:05:30,Sikkim,South Sikkim,Namchi,27.1682,88.33746,Geological & Earth Hazards,Minor Tremor / Seismic Activity,High (Level 3),Mitigation In Progress,Police Integrated Control Room,64,0,0,182,25.18,NH-29,Yes,Emergency crews dispatched to Namchi for immediate minor tremor / seismic activity containment and traffic rerouting.
INC-NER-2026-0239,2026-08-21 13:44:42,Meghalaya,West Garo Hills,Tura,25.52725,90.21083,Civic & Public Safety,Industrial Chemical Spill / Fire Incident,Low (Level 1),Mitigation In Progress,NDRF Control Room,9,0,0,25,0.18,NH-29,No,Emergency crews dispatched to Tura for immediate industrial chemical spill / fire incident containment and traffic rerouting.
INC-NER-2026-0334,2026-08-21 13:40:53,Assam,Kamrup Metropolitan,Guwahati,26.14575,91.74174,Hydro-Meteorological,Major Landslide / Slope Failure,Critical (Level 4),Under Assessment,Forest Department Radar,66,0,2,2024,220.91,NH-10,Yes,Emergency crews dispatched to Guwahati for immediate major landslide / slope failure containment and traffic rerouting.
INC-NER-2026-0203,2026-08-21 13:16:47,Meghalaya,West Garo Hills,Tura,25.50281,90.19296,Environmental & Wildlife,Forest Fire / Wildfire Outbreak,Low (Level 1),Emergency Response Dispatched,Border Roads Organisation (BRO),65,0,0,42,0.66,NH-37,No,Emergency crews dispatched to Tura for immediate forest fire / wildfire outbreak containment and traffic rerouting.
INC-NER-2026-0018,2026-08-21 13:14:03,Assam,Sonitpur,Tezpur,26.61959,92.79298,Traffic & Infrastructure,National Highway Road Blockade,High (Level 3),Emergency Response Dispatched,NDRF Control Room,101,0,1,268,4.79,NH-27,Yes,Emergency crews dispatched to Tezpur for immediate national highway road blockade containment and traffic rerouting.
INC-NER-2026-0051,2026-08-21 13:08:30,Mizoram,Champhai,Champhai,23.46025,93.32737,Traffic & Infrastructure,Rail Line Submersion / Debris Clearance,High (Level 3),Resolved / Cleared,Forest Department Radar,104,0,0,67,12.76,NH-08,Yes,Emergency crews dispatched to Champhai for immediate rail line submersion / debris clearance containment and traffic rerouting.
INC-NER-2026-0151,2026-08-21 13:01:11,Sikkim,East Sikkim,Gangtok,27.32476,88.61242,Hydro-Meteorological,Cyclone / Violent Wind Damage,Low (Level 1),Reported / Triaged,NDRF Control Room,47,0,0,25,4.03,None / N/A,No,Emergency crews dispatched to Gangtok for immediate cyclone / violent wind damage containment and traffic rerouting.
INC-NER-2026-0280,2026-08-21 12:49:57,Sikkim,North Sikkim,Mangan,27.4907,88.5318,Geological & Earth Hazards,Minor Tremor / Seismic Activity,Moderate (Level 2),Mitigation In Progress,State Disaster Management Authority (SDMA),49,0,0,38,2.14,NH-10,No,Emergency crews dispatched to Mangan for immediate minor tremor / seismic activity containment and traffic rerouting.
INC-NER-2026-0020,2026-08-21 12:14:14,Assam,Cachar,Silchar,24.82847,92.80744,Traffic & Infrastructure,Bridge Submersion / Structural Washout,Critical (Level 4),Emergency Response Dispatched,Citizen Telemetry App,63,0,0,575,32.66,NH-37,Yes,Emergency crews dispatched to Silchar for immediate bridge submersion / structural washout containment and traffic rerouting.
INC-NER-2026-0233,2026-08-21 12:02:16,Manipur,Churachandpur,Churachandpur,24.3236,93.67538,Civic & Public Safety,Border Checkpost Delay / Traffic Snarl,Moderate (Level 2),Emergency Response Dispatched,Border Roads Organisation (BRO),83,0,0,43,4.34,State Highway,No,Emergency crews dispatched to Churachandpur for immediate border checkpost delay / traffic snarl containment and traffic rerouting.
INC-NER-2026-0309,2026-08-21 11:51:38,Nagaland,Dimapur,Dimapur,25.90075,93.72367,Traffic & Infrastructure,Rail Line Submersion / Debris Clearance,Low (Level 1),Resolved / Cleared,State Disaster Management Authority (SDMA),115,0,0,31,1.35,State Highway,No,Emergency crews dispatched to Dimapur for immediate rail line submersion / debris clearance containment and traffic rerouting.
INC-NER-2026-0293,2026-08-21 11:14:46,Meghalaya,East Khasi Hills,Cherrapunji,25.29154,91.73019,Environmental & Wildlife,Forest Fire / Wildfire Outbreak,Moderate (Level 2),Emergency Response Dispatched,State Disaster Management Authority (SDMA),30,0,0,2,4.27,NH-37,No,Emergency crews dispatched to Cherrapunji for immediate forest fire / wildfire outbreak containment and traffic rerouting.
INC-NER-2026-0037,2026-08-21 11:09:03,Assam,Sonitpur,Tezpur,26.64246,92.81298,Traffic & Infrastructure,Bridge Submersion / Structural Washout,High (Level 3),Resolved / Cleared,Police Integrated Control Room,88,0,1,441,28.07,NH-10,Yes,Emergency crews dispatched to Tezpur for immediate bridge submersion / structural washout containment and traffic rerouting.
INC-NER-2026-0325,2026-08-21 10:54:07,Nagaland,Mokokchung,Mokokchung,26.32492,94.50059,Hydro-Meteorological,Cloudburst / Heavy Rainfall Blockade,High (Level 3),Mitigation In Progress,NDRF Control Room,104,0,0,400,26.23,NH-37,Yes,Emergency crews dispatched to Mokokchung for immediate cloudburst / heavy rainfall blockade containment and traffic rerouting.
INC-NER-2026-0170,2026-08-21 10:50:21,Sikkim,South Sikkim,Namchi,27.17626,88.3421,Geological & Earth Hazards,Subsidence / Ground Cracking,Low (Level 1),Resolved / Cleared,SDRF Telemetry,12,0,0,22,3.43,NH-37,No,Emergency crews dispatched to Namchi for immediate subsidence / ground cracking containment and traffic rerouting.
INC-NER-2026-0317,2026-08-21 10:30:24,Meghalaya,East Khasi Hills,Shillong,25.58639,91.87964,Geological & Earth Hazards,Minor Tremor / Seismic Activity,Moderate (Level 2),Resolved / Cleared,Forest Department Radar,72,0,0,1,2.16,NH-08,No,Emergency crews dispatched to Shillong for immediate minor tremor / seismic activity containment and traffic rerouting.
INC-NER-2026-0288,2026-08-21 09:55:23,Arunachal Pradesh,East Siang,Pasighat,28.07917,95.31514,Civic & Public Safety,Public Protests / Road Blockade Demonstration,High (Level 3),Emergency Response Dispatched,Border Roads Organisation (BRO),35,0,1,340,12.63,NH-102,Yes,Emergency crews dispatched to Pasighat for immediate public protests / road blockade demonstration containment and traffic rerouting.
INC-NER-2026-0188,2026-08-21 09:41:27,Assam,Sonitpur,Tezpur,26.6319,92.79569,Environmental & Wildlife,Forest Fire / Wildfire Outbreak,High (Level 3),Emergency Response Dispatched,Police Integrated Control Room,71,0,1,265,3.88,NH-37,Yes,Emergency crews dispatched to Tezpur for immediate forest fire / wildfire outbreak containment and traffic rerouting.
INC-NER-2026-0225,2026-08-21 08:49:18,Assam,Sonitpur,Tezpur,26.64341,92.81197,Hydro-Meteorological,Flash Flood / River Water Inundation,Low (Level 1),Mitigation In Progress,Forest Department Radar,71,0,0,41,3.06,NH-27,No,Emergency crews dispatched to Tezpur for immediate flash flood / river water inundation containment and traffic rerouting.
INC-NER-2026-0324,2026-08-21 08:34:01,Manipur,Imphal West,Imphal,24.812,93.94572,Environmental & Wildlife,Forest Fire / Wildfire Outbreak,Low (Level 1),Mitigation In Progress,Police Integrated Control Room,86,0,0,13,1.06,NH-37,No,Emergency crews dispatched to Imphal for immediate forest fire / wildfire outbreak containment and traffic rerouting.
INC-NER-2026-0171,2026-08-21 08:17:51,Nagaland,Kohima,Kohima,25.66022,94.11774,Hydro-Meteorological,Cloudburst / Heavy Rainfall Blockade,High (Level 3),Reported / Triaged,State Disaster Management Authority (SDMA),51,0,0,491,3.79,None / N/A,Yes,Emergency crews dispatched to Kohima for immediate cloudburst / heavy rainfall blockade containment and traffic rerouting.
INC-NER-2026-0211,2026-08-21 07:33:34,Tripura,West Tripura,Agartala,23.81831,91.29424,Traffic & Infrastructure,Communication Fiber Cut,Moderate (Level 2),Under Assessment,SDRF Telemetry,49,0,0,18,1.52,NH-37,No,Emergency crews dispatched to Agartala for immediate communication fiber cut containment and traffic rerouting.
INC-NER-2026-0276,2026-08-21 07:32:43,Mizoram,Lunglei,Lunglei,22.89678,92.73719,Hydro-Meteorological,River Bank Erosion,Moderate (Level 2),Reported / Triaged,SDRF Telemetry,51,0,0,41,3.98,NH-29,No,Emergency crews dispatched to Lunglei for immediate river bank erosion containment and traffic rerouting.
INC-NER-2026-0154,2026-08-21 07:15:00,Manipur,Churachandpur,Churachandpur,24.33097,93.67986,Hydro-Meteorological,Cloudburst / Heavy Rainfall Blockade,High (Level 3),Mitigation In Progress,Forest Department Radar,15,0,0,273,19.73,None / N/A,Yes,Emergency crews dispatched to Churachandpur for immediate cloudburst / heavy rainfall blockade containment and traffic rerouting.
INC-NER-2026-0085,2026-08-21 07:10:37,Assam,Sonitpur,Tezpur,26.64416,92.79545,Hydro-Meteorological,Flash Flood / River Water Inundation,Low (Level 1),Mitigation In Progress,Border Roads Organisation (BRO),77,0,0,37,2.23,NH-37,No,Emergency crews dispatched to Tezpur for immediate flash flood / river water inundation containment and traffic rerouting.
INC-NER-2026-0321,2026-08-21 06:21:56,Assam,Sonitpur,Tezpur,26.64577,92.79576,Hydro-Meteorological,Cloudburst / Heavy Rainfall Blockade,Critical (Level 4),Mitigation In Progress,Citizen Telemetry App,43,0,0,266,55.22,NH-37,Yes,Emergency crews dispatched to Tezpur for immediate cloudburst / heavy rainfall blockade containment and traffic rerouting.
INC-NER-2026-0284,2026-08-21 06:08:02,Nagaland,Mokokchung,Mokokchung,26.32237,94.52778,Civic & Public Safety,Industrial Chemical Spill / Fire Incident,Low (Level 1),Under Assessment,Police Integrated Control Room,51,0,0,13,2.83,NH-102,No,Emergency crews dispatched to Mokokchung for immediate industrial chemical spill / fire incident containment and traffic rerouting.
INC-NER-2026-0014,2026-08-21 06:00:41,Mizoram,Champhai,Champhai,23.47056,93.31686,Hydro-Meteorological,Flash Flood / River Water Inundation,Moderate (Level 2),Mitigation In Progress,NDRF Control Room,16,0,0,25,3.19,NH-29,No,Emergency crews dispatched to Champhai for immediate flash flood / river water inundation containment and traffic rerouting.
INC-NER-2026-0287,2026-08-21 05:53:56,Arunachal Pradesh,Papum Pare,Itanagar,27.09048,93.60448,Hydro-Meteorological,Major Landslide / Slope Failure,High (Level 3),Mitigation In Progress,SDRF Telemetry,110,0,1,338,29.47,NH-29,Yes,Emergency crews dispatched to Itanagar for immediate major landslide / slope failure containment and traffic rerouting.
INC-NER-2026-0312,2026-08-21 05:52:54,Arunachal Pradesh,Papum Pare,Itanagar,27.09577,93.5951,Hydro-Meteorological,River Bank Erosion,Moderate (Level 2),Resolved / Cleared,Forest Department Radar,119,0,0,3,0.21,NH-37,No,Emergency crews dispatched to Itanagar for immediate river bank erosion containment and traffic rerouting.
INC-NER-2026-0240,2026-08-21 05:37:57,Meghalaya,West Garo Hills,Tura,25.52443,90.19928,Traffic & Infrastructure,Bridge Submersion / Structural Washout,High (Level 3),Emergency Response Dispatched,State Disaster Management Authority (SDMA),96,0,0,181,7.37,NH-08,Yes,Emergency crews dispatched to Tura for immediate bridge submersion / structural washout containment and traffic rerouting.
INC-NER-2026-0123,2026-08-21 05:29:17,Mizoram,Aizawl,Aizawl,23.72001,92.72218,Traffic & Infrastructure,Communication Fiber Cut,Low (Level 1),Under Assessment,SDRF Telemetry,64,0,0,25,4.62,NH-37,No,Emergency crews dispatched to Aizawl for immediate communication fiber cut containment and traffic rerouting.
INC-NER-2026-0141,2026-08-21 05:12:13,Tripura,North Tripura,Dharmanagar,24.37079,92.17855,Environmental & Wildlife,Poaching Counter-Operation,Low (Level 1),Resolved / Cleared,Border Roads Organisation (BRO),9,0,0,24,0.43,NH-37,No,Emergency crews dispatched to Dharmanagar for immediate poaching counter-operation containment and traffic rerouting.
INC-NER-2026-0048,2026-08-21 05:06:49,Nagaland,Kohima,Kohima,25.67864,94.10606,Traffic & Infrastructure,National Highway Road Blockade,Moderate (Level 2),Resolved / Cleared,NDRF Control Room,77,0,0,26,4.9,NH-37,No,Emergency crews dispatched to Kohima for immediate national highway road blockade containment and traffic rerouting.
INC-NER-2026-0155,2026-08-21 05:03:45,Manipur,Tengnoupal,Moreh,24.22492,94.31746,Traffic & Infrastructure,Bridge Submersion / Structural Washout,High (Level 3),Mitigation In Progress,SDRF Telemetry,20,0,1,323,3.39,NH-10,Yes,Emergency crews dispatched to Moreh for immediate bridge submersion / structural washout containment and traffic rerouting.
INC-NER-2026-0213,2026-08-21 04:59:21,Nagaland,Dimapur,Dimapur,25.89823,93.71736,Geological & Earth Hazards,Rockfall / Debris Flow on Highway,Low (Level 1),Mitigation In Progress,Citizen Telemetry App,62,0,0,18,0.61,NH-102,No,Emergency crews dispatched to Dimapur for immediate rockfall / debris flow on highway containment and traffic rerouting.
INC-NER-2026-0302,2026-08-21 04:43:47,Sikkim,South Sikkim,Namchi,27.15241,88.35342,Traffic & Infrastructure,National Highway Road Blockade,Critical (Level 4),Emergency Response Dispatched,SDRF Telemetry,109,0,2,383,191.7,NH-27,Yes,Emergency crews dispatched to Namchi for immediate national highway road blockade containment and traffic rerouting.
INC-NER-2026-0055,2026-08-21 04:34:07,Meghalaya,West Garo Hills,Tura,25.51088,90.21705,Hydro-Meteorological,River Bank Erosion,High (Level 3),Emergency Response Dispatched,SDRF Telemetry,102,0,1,285,27.99,None / N/A,Yes,Emergency crews dispatched to Tura for immediate river bank erosion containment and traffic rerouting.
INC-NER-2026-0131,2026-08-21 04:27:41,Nagaland,Kohima,Kohima,25.66695,94.10001,Civic & Public Safety,Public Protests / Road Blockade Demonstration,High (Level 3),Under Assessment,Forest Department Radar,18,0,0,30,3.45,NH-27,Yes,Emergency crews dispatched to Kohima for immediate public protests / road blockade demonstration containment and traffic rerouting.
INC-NER-2026-0216,2026-08-21 04:25:54,Assam,Dibrugarh,Dibrugarh,27.46822,94.89828,Civic & Public Safety,Urban Waterlogging / Drainage Overflow,Moderate (Level 2),Reported / Triaged,Forest Department Radar,108,0,0,27,2.28,State Highway,No,Emergency crews dispatched to Dibrugarh for immediate urban waterlogging / drainage overflow containment and traffic rerouting.
INC-NER-2026-0238,2026-08-21 04:24:23,Sikkim,South Sikkim,Namchi,27.16638,88.36286,Civic & Public Safety,Border Checkpost Delay / Traffic Snarl,Low (Level 1),Emergency Response Dispatched,Citizen Telemetry App,68,0,0,7,4.24,NH-102,No,Emergency crews dispatched to Namchi for immediate border checkpost delay / traffic snarl containment and traffic rerouting.
INC-NER-2026-0208,2026-08-21 04:22:16,Meghalaya,East Khasi Hills,Shillong,25.57108,91.90505,Civic & Public Safety,Border Checkpost Delay / Traffic Snarl,Moderate (Level 2),Under Assessment,NDRF Control Room,53,0,0,27,3.83,NH-08,No,Emergency crews dispatched to Shillong for immediate border checkpost delay / traffic snarl containment and traffic rerouting.
INC-NER-2026-0337,2026-08-21 03:36:34,Nagaland,Kohima,Kohima,25.68103,94.11945,Hydro-Meteorological,Cyclone / Violent Wind Damage,Low (Level 1),Resolved / Cleared,Citizen Telemetry App,10,0,0,42,3.57,State Highway,No,Emergency crews dispatched to Kohima for immediate cyclone / violent wind damage containment and traffic rerouting.
INC-NER-2026-0105,2026-08-21 03:33:42,Manipur,Tengnoupal,Moreh,24.22161,94.31771,Civic & Public Safety,Urban Waterlogging / Drainage Overflow,Low (Level 1),Mitigation In Progress,Border Roads Organisation (BRO),101,0,0,26,0.23,NH-102,No,Emergency crews dispatched to Moreh for immediate urban waterlogging / drainage overflow containment and traffic rerouting.
INC-NER-2026-0099,2026-08-21 03:18:02,Tripura,West Tripura,Agartala,23.82085,91.29989,Civic & Public Safety,Border Checkpost Delay / Traffic Snarl,High (Level 3),Emergency Response Dispatched,Police Integrated Control Room,68,0,6,178,9.15,NH-102,Yes,Emergency crews dispatched to Agartala for immediate border checkpost delay / traffic snarl containment and traffic rerouting.
INC-NER-2026-0068,2026-08-21 03:06:47,Meghalaya,Ri-Bhoi,Nongpoh,25.89885,91.87401,Hydro-Meteorological,River Bank Erosion,Critical (Level 4),Mitigation In Progress,Border Roads Organisation (BRO),99,0,0,2843,120.57,NH-10,Yes,Emergency crews dispatched to Nongpoh for immediate river bank erosion containment and traffic rerouting.
INC-NER-2026-0300,2026-08-21 02:19:05,Nagaland,Dimapur,Dimapur,25.90183,93.73901,Hydro-Meteorological,Major Landslide / Slope Failure,Critical (Level 4),Under Assessment,Police Integrated Control Room,63,2,12,1382,178.86,NH-102,Yes,Emergency crews dispatched to Dimapur for immediate major landslide / slope failure containment and traffic rerouting.
INC-NER-2026-0128,2026-08-21 01:54:13,Meghalaya,East Khasi Hills,Shillong,25.57949,91.88387,Hydro-Meteorological,River Bank Erosion,High (Level 3),Under Assessment,Forest Department Radar,96,0,3,24,24.84,NH-27,Yes,Emergency crews dispatched to Shillong for immediate river bank erosion containment and traffic rerouting.
INC-NER-2026-0267,2026-08-21 00:39:38,Nagaland,Mokokchung,Mokokchung,26.33075,94.52252,Civic & Public Safety,Urban Waterlogging / Drainage Overflow,Low (Level 1),Emergency Response Dispatched,NDRF Control Room,84,0,0,24,4.91,NH-102,No,Emergency crews dispatched to Mokokchung for immediate urban waterlogging / drainage overflow containment and traffic rerouting.
INC-NER-2026-0159,2026-08-20 23:57:22,Assam,Cachar,Silchar,24.80864,92.80586,Environmental & Wildlife,Poaching Counter-Operation,Low (Level 1),Reported / Triaged,Citizen Telemetry App,117,0,0,19,2.33,State Highway,No,Emergency crews dispatched to Silchar for immediate poaching counter-operation containment and traffic rerouting.
INC-NER-2026-0305,2026-08-20 23:39:57,Assam,Sonitpur,Tezpur,26.63716,92.79155,Geological & Earth Hazards,Minor Tremor / Seismic Activity,High (Level 3),Mitigation In Progress,Police Integrated Control Room,26,1,1,409,21.63,NH-29,Yes,Emergency crews dispatched to Tezpur for immediate minor tremor / seismic activity containment and traffic rerouting.
INC-NER-2026-0218,2026-08-20 23:05:22,Assam,Golaghat,Kaziranga,26.58178,93.16365,Environmental & Wildlife,Poaching Counter-Operation,Moderate (Level 2),Emergency Response Dispatched,Citizen Telemetry App,10,0,0,22,4.79,NH-29,No,Emergency crews dispatched to Kaziranga for immediate poaching counter-operation containment and traffic rerouting.
INC-NER-2026-0177,2026-08-20 21:42:08,Arunachal Pradesh,West Kameng,Dirang,27.35589,92.2267,Hydro-Meteorological,Flash Flood / River Water Inundation,Moderate (Level 2),Mitigation In Progress,State Disaster Management Authority (SDMA),91,0,0,4,3.03,NH-10,No,Emergency crews dispatched to Dirang for immediate flash flood / river water inundation containment and traffic rerouting.
INC-NER-2026-0249,2026-08-20 21:33:00,Manipur,Ukhrul,Ukhrul,25.12948,94.36662,Civic & Public Safety,Public Protests / Road Blockade Demonstration,Moderate (Level 2),Mitigation In Progress,SDRF Telemetry,23,0,0,11,4.2,State Highway,No,Emergency crews dispatched to Ukhrul for immediate public protests / road blockade demonstration containment and traffic rerouting.
INC-NER-2026-0219,2026-08-20 20:50:28,Assam,Dibrugarh,Dibrugarh,27.46331,94.91503,Traffic & Infrastructure,Rail Line Submersion / Debris Clearance,Moderate (Level 2),Resolved / Cleared,State Disaster Management Authority (SDMA),15,0,0,14,0.6,None / N/A,No,Emergency crews dispatched to Dibrugarh for immediate rail line submersion / debris clearance containment and traffic rerouting.
INC-NER-2026-0129,2026-08-20 20:30:14,Meghalaya,Ri-Bhoi,Nongpoh,25.9062,91.88993,Traffic & Infrastructure,Bridge Submersion / Structural Washout,High (Level 3),Emergency Response Dispatched,Forest Department Radar,19,0,3,362,4.05,NH-29,Yes,Emergency crews dispatched to Nongpoh for immediate bridge submersion / structural washout containment and traffic rerouting.
INC-NER-2026-0329,2026-08-20 20:12:04,Mizoram,Champhai,Champhai,23.45181,93.33794,Civic & Public Safety,Public Protests / Road Blockade Demonstration,Moderate (Level 2),Resolved / Cleared,Police Integrated Control Room,42,0,0,45,2.5,NH-10,No,Emergency crews dispatched to Champhai for immediate public protests / road blockade demonstration containment and traffic rerouting.
INC-NER-2026-0081,2026-08-20 18:56:48,Mizoram,Champhai,Champhai,23.46833,93.31997,Hydro-Meteorological,Cyclone / Violent Wind Damage,Low (Level 1),Under Assessment,Forest Department Radar,71,0,0,25,2.38,NH-08,No,Emergency crews dispatched to Champhai for immediate cyclone / violent wind damage containment and traffic rerouting.
INC-NER-2026-0206,2026-08-20 17:52:29,Assam,Kamrup Metropolitan,Guwahati,26.13131,91.74096,Hydro-Meteorological,Cyclone / Violent Wind Damage,Moderate (Level 2),Resolved / Cleared,Police Integrated Control Room,22,0,0,33,3.33,State Highway,No,Emergency crews dispatched to Guwahati for immediate cyclone / violent wind damage containment and traffic rerouting.
INC-NER-2026-0058,2026-08-20 17:02:37,Assam,Dibrugarh,Dibrugarh,27.46622,94.89971,Hydro-Meteorological,Cyclone / Violent Wind Damage,Low (Level 1),Mitigation In Progress,NDRF Control Room,25,0,0,21,4.18,NH-27,No,Emergency crews dispatched to Dibrugarh for immediate cyclone / violent wind damage containment and traffic rerouting.
INC-NER-2026-0147,2026-08-20 15:58:07,Mizoram,Champhai,Champhai,23.44443,93.31832,Hydro-Meteorological,Cloudburst / Heavy Rainfall Blockade,Critical (Level 4),Under Assessment,NDRF Control Room,12,1,12,2682,154.82,NH-10,Yes,Emergency crews dispatched to Champhai for immediate cloudburst / heavy rainfall blockade containment and traffic rerouting.
INC-NER-2026-0134,2026-08-20 14:39:29,Assam,Jorhat,Jorhat,26.75624,94.20619,Traffic & Infrastructure,National Highway Road Blockade,High (Level 3),Emergency Response Dispatched,Police Integrated Control Room,30,0,1,85,12.38,NH-29,Yes,Emergency crews dispatched to Jorhat for immediate national highway road blockade containment and traffic rerouting.
INC-NER-2026-0210,2026-08-20 14:24:29,Manipur,Churachandpur,Churachandpur,24.32444,93.67051,Hydro-Meteorological,Major Landslide / Slope Failure,High (Level 3),Under Assessment,NDRF Control Room,44,0,0,349,19.36,NH-27,Yes,Emergency crews dispatched to Churachandpur for immediate major landslide / slope failure containment and traffic rerouting.
INC-NER-2026-0022,2026-08-20 13:01:57,Manipur,Churachandpur,Churachandpur,24.34239,93.68566,Geological & Earth Hazards,Subsidence / Ground Cracking,High (Level 3),Mitigation In Progress,Forest Department Radar,60,0,0,192,21.28,NH-29,Yes,Emergency crews dispatched to Churachandpur for immediate subsidence / ground cracking containment and traffic rerouting.
INC-NER-2026-0133,2026-08-20 12:51:13,Assam,Kamrup Metropolitan,Guwahati,26.14347,91.72196,Traffic & Infrastructure,Bridge Submersion / Structural Washout,Critical (Level 4),Under Assessment,SDRF Telemetry,49,0,5,166,74.05,NH-08,Yes,Emergency crews dispatched to Guwahati for immediate bridge submersion / structural washout containment and traffic rerouting.
INC-NER-2026-0192,2026-08-20 11:54:43,Meghalaya,West Garo Hills,Tura,25.51343,90.21188,Traffic & Infrastructure,Bridge Submersion / Structural Washout,Critical (Level 4),Resolved / Cleared,Forest Department Radar,60,0,25,525,139.38,NH-08,Yes,Emergency crews dispatched to Tura for immediate bridge submersion / structural washout containment and traffic rerouting.
INC-NER-2026-0093,2026-08-20 11:38:31,Nagaland,Mokokchung,Mokokchung,26.31084,94.52894,Geological & Earth Hazards,Subsidence / Ground Cracking,Moderate (Level 2),Under Assessment,Border Roads Organisation (BRO),43,0,0,9,0.6,NH-27,No,Emergency crews dispatched to Mokokchung for immediate subsidence / ground cracking containment and traffic rerouting.
INC-NER-2026-0229,2026-08-20 11:31:49,Assam,Jorhat,Jorhat,26.76287,94.21458,Environmental & Wildlife,Forest Fire / Wildfire Outbreak,Low (Level 1),Resolved / Cleared,SDRF Telemetry,60,0,0,49,1.94,None / N/A,No,Emergency crews dispatched to Jorhat for immediate forest fire / wildfire outbreak containment and traffic rerouting.
INC-NER-2026-0163,2026-08-20 11:14:50,Tripura,West Tripura,Agartala,23.83005,91.28609,Traffic & Infrastructure,Power Grid Failure / Transmission Break,Low (Level 1),Reported / Triaged,SDRF Telemetry,106,0,0,39,3.3,NH-37,No,Emergency crews dispatched to Agartala for immediate power grid failure / transmission break containment and traffic rerouting.
INC-NER-2026-0346,2026-08-20 11:12:43,Assam,Sonitpur,Tezpur,26.63519,92.78612,Geological & Earth Hazards,Subsidence / Ground Cracking,Low (Level 1),Reported / Triaged,Border Roads Organisation (BRO),79,0,0,12,1.44,NH-102,No,Emergency crews dispatched to Tezpur for immediate subsidence / ground cracking containment and traffic rerouting.
INC-NER-2026-0311,2026-08-20 10:17:42,Sikkim,South Sikkim,Namchi,27.17427,88.35702,Geological & Earth Hazards,Rockfall / Debris Flow on Highway,Low (Level 1),Resolved / Cleared,Police Integrated Control Room,46,0,0,26,0.94,NH-37,No,Emergency crews dispatched to Namchi for immediate rockfall / debris flow on highway containment and traffic rerouting.
INC-NER-2026-0098,2026-08-20 10:08:51,Assam,Sonitpur,Tezpur,26.6336,92.78651,Traffic & Infrastructure,National Highway Road Blockade,Moderate (Level 2),Mitigation In Progress,SDRF Telemetry,23,0,0,42,4.58,NH-27,No,Emergency crews dispatched to Tezpur for immediate national highway road blockade containment and traffic rerouting.
INC-NER-2026-0001,2026-08-20 08:55:34,Assam,Cachar,Silchar,24.8255,92.79407,Geological & Earth Hazards,Rockfall / Debris Flow on Highway,High (Level 3),Resolved / Cleared,Police Integrated Control Room,35,0,0,473,8.35,None / N/A,Yes,Emergency crews dispatched to Silchar for immediate rockfall / debris flow on highway containment and traffic rerouting.
INC-NER-2026-0197,2026-08-20 08:36:56,Sikkim,North Sikkim,Mangan,27.49149,88.53338,Traffic & Infrastructure,Communication Fiber Cut,Low (Level 1),Mitigation In Progress,NDRF Control Room,27,0,0,19,2.2,NH-27,No,Emergency crews dispatched to Mangan for immediate communication fiber cut containment and traffic rerouting.
INC-NER-2026-0277,2026-08-20 08:28:18,Manipur,Churachandpur,Churachandpur,24.33109,93.68183,Geological & Earth Hazards,Rockfall / Debris Flow on Highway,Low (Level 1),Mitigation In Progress,State Disaster Management Authority (SDMA),75,0,0,32,3.02,State Highway,No,Emergency crews dispatched to Churachandpur for immediate rockfall / debris flow on highway containment and traffic rerouting.
INC-NER-2026-0187,2026-08-20 08:14:18,Tripura,Gomati,Udaipur,23.527,91.49747,Traffic & Infrastructure,Power Grid Failure / Transmission Break,High (Level 3),Emergency Response Dispatched,Forest Department Radar,68,0,0,449,29.33,NH-37,Yes,Emergency crews dispatched to Udaipur for immediate power grid failure / transmission break containment and traffic rerouting.
INC-NER-2026-0339,2026-08-20 05:32:23,Nagaland,Dimapur,Dimapur,25.9029,93.72683,Environmental & Wildlife,Poaching Counter-Operation,Low (Level 1),Reported / Triaged,NDRF Control Room,112,0,0,46,4.61,NH-102,No,Emergency crews dispatched to Dimapur for immediate poaching counter-operation containment and traffic rerouting.
INC-NER-2026-0304,2026-08-20 04:52:56,Mizoram,Champhai,Champhai,23.46851,93.31448,Geological & Earth Hazards,Subsidence / Ground Cracking,Moderate (Level 2),Mitigation In Progress,Citizen Telemetry App,48,0,0,8,4.71,None / N/A,No,Emergency crews dispatched to Champhai for immediate subsidence / ground cracking containment and traffic rerouting.
INC-NER-2026-0162,2026-08-20 04:24:27,Manipur,Churachandpur,Churachandpur,24.34818,93.69008,Geological & Earth Hazards,Rockfall / Debris Flow on Highway,High (Level 3),Mitigation In Progress,Police Integrated Control Room,67,0,6,334,18.41,NH-37,Yes,Emergency crews dispatched to Churachandpur for immediate rockfall / debris flow on highway containment and traffic rerouting.
INC-NER-2026-0247,2026-08-20 04:13:57,Assam,Golaghat,Kaziranga,26.56359,93.158,Hydro-Meteorological,Cloudburst / Heavy Rainfall Blockade,High (Level 3),Mitigation In Progress,Border Roads Organisation (BRO),9,0,3,200,17.87,NH-10,Yes,Emergency crews dispatched to Kaziranga for immediate cloudburst / heavy rainfall blockade containment and traffic rerouting.
INC-NER-2026-0230,2026-08-20 03:36:13,Assam,Cachar,Silchar,24.81454,92.8056,Hydro-Meteorological,Cloudburst / Heavy Rainfall Blockade,Critical (Level 4),Under Assessment,Border Roads Organisation (BRO),84,0,12,454,177.31,None / N/A,Yes,Emergency crews dispatched to Silchar for immediate cloudburst / heavy rainfall blockade containment and traffic rerouting.
INC-NER-2026-0031,2026-08-20 02:53:49,Nagaland,Mokokchung,Mokokchung,26.32,94.5045,Traffic & Infrastructure,Power Grid Failure / Transmission Break,High (Level 3),Under Assessment,Citizen Telemetry App,81,0,3,485,19.52,NH-08,Yes,Emergency crews dispatched to Mokokchung for immediate power grid failure / transmission break containment and traffic rerouting.
INC-NER-2026-0156,2026-08-20 02:20:21,Arunachal Pradesh,West Kameng,Dirang,27.36223,92.23356,Traffic & Infrastructure,Rail Line Submersion / Debris Clearance,Low (Level 1),Reported / Triaged,Citizen Telemetry App,96,0,0,8,0.18,NH-27,No,Emergency crews dispatched to Dirang for immediate rail line submersion / debris clearance containment and traffic rerouting.
INC-NER-2026-0082,2026-08-20 02:16:01,Manipur,Imphal West,Imphal,24.80998,93.92323,Traffic & Infrastructure,National Highway Road Blockade,Moderate (Level 2),Resolved / Cleared,Forest Department Radar,48,0,0,43,2.56,NH-27,No,Emergency crews dispatched to Imphal for immediate national highway road blockade containment and traffic rerouting.
INC-NER-2026-0144,2026-08-20 01:10:46,Nagaland,Mokokchung,Mokokchung,26.33149,94.50716,Geological & Earth Hazards,Subsidence / Ground Cracking,Moderate (Level 2),Resolved / Cleared,NDRF Control Room,110,0,0,37,4.78,None / N/A,No,Emergency crews dispatched to Mokokchung for immediate subsidence / ground cracking containment and traffic rerouting.
INC-NER-2026-0237,2026-08-20 00:51:10,Meghalaya,East Khasi Hills,Shillong,25.57401,91.88589,Environmental & Wildlife,Forest Fire / Wildfire Outbreak,Low (Level 1),Mitigation In Progress,SDRF Telemetry,101,0,0,23,0.44,NH-08,No,Emergency crews dispatched to Shillong for immediate forest fire / wildfire outbreak containment and traffic rerouting.
INC-NER-2026-0021,2026-08-20 00:03:49,Meghalaya,Ri-Bhoi,Nongpoh,25.90914,91.88217,Traffic & Infrastructure,Rail Line Submersion / Debris Clearance,Low (Level 1),Emergency Response Dispatched,State Disaster Management Authority (SDMA),83,0,0,16,3.82,State Highway,No,Emergency crews dispatched to Nongpoh for immediate rail line submersion / debris clearance containment and traffic rerouting.
