waybill_tracking_id,dispatch_timestamp,estimated_delivery_timestamp,actual_delivery_timestamp,state,district,delivery_hub_city,destination_pincode,logistics_partner,cargo_category,package_weight_kg,declared_value_inr,delivery_mode,delivery_status,payment_mode,otp_verification_status,delay_reason_if_any,last_mile_distance_km,customer_rating_score
DEL-NER-2026-000023,2026-08-25 12:30:00,2026-08-26 12:30:00,Pending,Meghalaya,East Khasi Hills,Shillong,793207,Delhivery,Essential Medicines & Medical Supplies,2.28,6099.95,Two-Wheeler / Bike Express,Out for Delivery (On-Time),Cash on Delivery (COD),Pending,None,18.0,N/A
DEL-NER-2026-000350,2026-08-25 12:30:00,2026-08-26 06:30:00,Pending,Assam,Kamrup Metropolitan,Guwahati,781268,Shadowfax,Handicrafts & Organic NE Produce (Outbound),22.24,9326.7,Light Commercial Pickup Truck (Bolero / Ace),In Transit - Hub to Hub,Cash on Delivery (COD),N/A,None,6.9,N/A
DEL-NER-2026-000479,2026-08-25 12:30:00,2026-08-26 02:30:00,Pending,Nagaland,Kohima,Kohima,797568,Delhivery,FMCG & Groceries,15.35,15017.03,Light Commercial Pickup Truck (Bolero / Ace),Out for Delivery (On-Time),Prepaid (Digital/UPI),Pending,None,29.4,N/A
DEL-NER-2026-000005,2026-08-25 12:30:00,2026-08-26 10:30:00,Pending,Arunachal Pradesh,Papum Pare,Itanagar,791143,India Post (Speed Post),Apparel & Fashion,0.61,1151.03,Two-Wheeler / Bike Express,Out for Delivery (On-Time),Prepaid (Digital/UPI),Pending,None,25.6,N/A
DEL-NER-2026-000269,2026-08-25 12:30:00,2026-08-26 16:30:00,Pending,Manipur,Churachandpur,Churachandpur,795148,Blue Dart / DHL,Handicrafts & Organic NE Produce (Outbound),18.81,11821.27,Light Commercial Pickup Truck (Bolero / Ace),Out for Delivery (Delayed),Cash on Delivery (COD),Pending,None,21.8,N/A
DEL-NER-2026-000302,2026-08-25 12:30:00,2026-08-25 18:30:00,2026-08-25 18:30:00,Assam,Dibrugarh,Dibrugarh,781842,Blue Dart / DHL,Handicrafts & Organic NE Produce (Outbound),7.14,20959.41,Light Commercial Pickup Truck (Bolero / Ace),Delivered Successfully,Cash on Delivery (COD),Verified,None,25.6,4.7
DEL-NER-2026-000193,2026-08-25 12:30:00,2026-08-26 14:30:00,Pending,Meghalaya,West Garo Hills,Tura,793284,DTDC Express,Apparel & Fashion,0.9,1177.94,Light Commercial Pickup Truck (Bolero / Ace),Out for Delivery (Delayed),Prepaid (Digital/UPI),Pending,None,10.8,N/A
DEL-NER-2026-000270,2026-08-25 11:30:00,2026-08-26 20:30:00,Pending,Assam,Kamrup Metropolitan,Guwahati,781204,Shadowfax,E-Commerce Consumer Electronics,7.09,37090.54,Light Commercial Pickup Truck (Bolero / Ace),In Transit - Hub to Hub,Cash on Delivery (COD),N/A,None,24.4,N/A
DEL-NER-2026-000138,2026-08-25 11:30:00,2026-08-26 00:30:00,Pending,Arunachal Pradesh,Papum Pare,Itanagar,791935,India Post (Speed Post),Apparel & Fashion,0.78,2384.87,Electric Cargo 3-Wheeler,Out for Delivery (On-Time),Prepaid (Digital/UPI),Pending,None,24.5,N/A
DEL-NER-2026-000017,2026-08-25 11:30:00,2026-08-26 01:30:00,Pending,Sikkim,South Sikkim,Namchi,737554,ExpressBees,Apparel & Fashion,0.31,1195.66,Two-Wheeler / Bike Express,Out for Delivery (On-Time),Prepaid (Digital/UPI),Pending,None,29.7,N/A
DEL-NER-2026-000214,2026-08-25 11:30:00,2026-08-26 18:30:00,Pending,Tripura,Gomati,Udaipur,799474,Amazon Logistics (NER),E-Commerce Consumer Electronics,5.36,15811.75,Light Commercial Pickup Truck (Bolero / Ace),In Transit - Hub to Hub,Pay on Delivery (UPI QR),N/A,None,20.5,N/A
DEL-NER-2026-000210,2026-08-25 11:30:00,2026-08-25 17:30:00,2026-08-25 17:30:00,Assam,Sonitpur,Tezpur,781942,ExpressBees,Apparel & Fashion,1.93,4243.05,Light Commercial Pickup Truck (Bolero / Ace),Delivered Successfully,Cash on Delivery (COD),Verified,None,24.6,4.1
DEL-NER-2026-000097,2026-08-25 11:30:00,2026-08-26 15:30:00,Pending,Tripura,Gomati,Udaipur,799825,India Post (Speed Post),FMCG & Groceries,1.84,21854.08,Two-Wheeler / Bike Express,Out for Delivery (On-Time),Pay on Delivery (UPI QR),Pending,None,19.6,N/A
DEL-NER-2026-000447,2026-08-25 11:30:00,2026-08-26 08:30:00,Pending,Mizoram,Aizawl,Aizawl,796370,Amazon Logistics (NER),Essential Medicines & Medical Supplies,3.7,3161.49,Two-Wheeler / Bike Express,Delayed - Landslide / Road Blockade,Pay on Delivery (UPI QR),N/A,Landslide / Highway Blockade,4.4,N/A
DEL-NER-2026-000229,2026-08-25 11:30:00,2026-08-26 12:30:00,Pending,Nagaland,Kohima,Kohima,797418,Delhivery,Government / Official Documents,0.77,3619.88,Electric Cargo 3-Wheeler,Out for Delivery (On-Time),Pay on Delivery (UPI QR),Pending,None,7.3,N/A
DEL-NER-2026-000042,2026-08-25 11:30:00,2026-08-26 07:30:00,Pending,Manipur,Churachandpur,Churachandpur,795124,Shadowfax,Apparel & Fashion,2.02,2788.84,Two-Wheeler / Bike Express,Out for Delivery (On-Time),Cash on Delivery (COD),Pending,None,21.1,N/A
DEL-NER-2026-000149,2026-08-25 11:30:00,2026-08-25 17:30:00,2026-08-25 17:30:00,Meghalaya,West Garo Hills,Tura,793922,Delhivery,Apparel & Fashion,0.76,4392.25,Foot Courier (Hill Stairs / Remote Village),Delivered Successfully,Pay on Delivery (UPI QR),Verified,None,30.1,4.8
DEL-NER-2026-000424,2026-08-25 11:30:00,2026-08-26 00:30:00,Pending,Assam,Cachar,Silchar,781586,Amazon Logistics (NER),FMCG & Groceries,16.13,2790.13,Two-Wheeler / Bike Express,Delayed - Weather / Heavy Rainfall,Prepaid (Digital/UPI),N/A,Heavy Rain / Inundation,31.2,N/A
DEL-NER-2026-000352,2026-08-25 10:30:00,2026-08-25 21:30:00,Pending,Assam,Sonitpur,Tezpur,781382,DTDC Express,Auto Spare Parts & Industrial Tools,19.14,8375.66,Foot Courier (Hill Stairs / Remote Village),Out for Delivery (Delayed),Prepaid (Digital/UPI),Pending,None,29.6,N/A
DEL-NER-2026-000288,2026-08-25 10:30:00,2026-08-26 11:30:00,Pending,Meghalaya,East Khasi Hills,Shillong,793737,Delhivery,FMCG & Groceries,21.51,5476.51,Electric Cargo 3-Wheeler,Out for Delivery (On-Time),Pay on Delivery (UPI QR),Pending,None,31.0,N/A
DEL-NER-2026-000200,2026-08-25 10:30:00,2026-08-26 19:30:00,Pending,Mizoram,Aizawl,Aizawl,796896,ExpressBees,E-Commerce Consumer Electronics,5.37,28580.58,Two-Wheeler / Bike Express,In Transit - Hub to Hub,Prepaid (Digital/UPI),N/A,None,14.2,N/A
DEL-NER-2026-000063,2026-08-25 10:30:00,2026-08-25 22:30:00,Pending,Assam,Jorhat,Jorhat,781774,Blue Dart / DHL,Essential Medicines & Medical Supplies,3.65,3829.28,Foot Courier (Hill Stairs / Remote Village),Delayed - Weather / Heavy Rainfall,Pay on Delivery (UPI QR),N/A,Heavy Rain / Inundation,22.9,N/A
DEL-NER-2026-000191,2026-08-25 10:30:00,2026-08-26 00:30:00,Pending,Mizoram,Lunglei,Lunglei,796560,Blue Dart / DHL,Government / Official Documents,1.44,3865.08,Light Commercial Pickup Truck (Bolero / Ace),Out for Delivery (Delayed),Prepaid (Digital/UPI),Pending,None,16.1,N/A
DEL-NER-2026-000071,2026-08-25 10:30:00,2026-08-25 18:30:00,Pending,Arunachal Pradesh,Tawang,Tawang,791293,Delhivery,Apparel & Fashion,2.48,3482.02,Light Commercial Pickup Truck (Bolero / Ace),Delivery Attempted - Recipient Unavailable,Prepaid (Digital/UPI),N/A,None,18.0,N/A
DEL-NER-2026-000464,2026-08-25 10:30:00,2026-08-26 05:30:00,Pending,Tripura,West Tripura,Agartala,799809,Shadowfax,Government / Official Documents,0.15,999.33,Light Commercial Pickup Truck (Bolero / Ace),In Transit - Hub to Hub,Pay on Delivery (UPI QR),N/A,None,31.1,N/A
DEL-NER-2026-000047,2026-08-25 10:30:00,2026-08-26 18:30:00,Pending,Arunachal Pradesh,East Siang,Pasighat,791467,Delhivery,E-Commerce Consumer Electronics,3.1,18166.11,Two-Wheeler / Bike Express,Out for Delivery (On-Time),Cash on Delivery (COD),Pending,None,27.8,N/A
DEL-NER-2026-000185,2026-08-25 10:30:00,2026-08-26 12:30:00,Pending,Tripura,Gomati,Udaipur,799166,Delhivery,Auto Spare Parts & Industrial Tools,12.05,21049.66,Light Commercial Pickup Truck (Bolero / Ace),Held at Hub - Inner Line Permit / Customs Check,Prepaid (Digital/UPI),N/A,Inner Line Permit Verification,22.1,N/A
DEL-NER-2026-000110,2026-08-25 09:30:00,2026-08-26 09:30:00,Pending,Assam,Cachar,Silchar,781982,Shadowfax,Handicrafts & Organic NE Produce (Outbound),22.35,4613.84,Two-Wheeler / Bike Express,Out for Delivery (On-Time),Prepaid (Digital/UPI),Pending,None,8.3,N/A
DEL-NER-2026-000212,2026-08-25 09:30:00,2026-08-25 18:30:00,Pending,Nagaland,Kohima,Kohima,797317,ExpressBees,Handicrafts & Organic NE Produce (Outbound),20.4,19760.49,Two-Wheeler / Bike Express,Out for Delivery (On-Time),Pay on Delivery (UPI QR),Pending,None,27.3,N/A
DEL-NER-2026-000086,2026-08-25 09:30:00,2026-08-26 12:30:00,Pending,Nagaland,Dimapur,Dimapur,797615,DTDC Express,Government / Official Documents,1.36,3332.87,Foot Courier (Hill Stairs / Remote Village),Out for Delivery (Delayed),Prepaid (Digital/UPI),Pending,None,1.9,N/A
DEL-NER-2026-000455,2026-08-25 09:30:00,2026-08-26 19:30:00,Pending,Assam,Sonitpur,Tezpur,781578,Amazon Logistics (NER),Auto Spare Parts & Industrial Tools,24.56,20657.04,Light Commercial Pickup Truck (Bolero / Ace),Out for Delivery (On-Time),Prepaid (Digital/UPI),Pending,None,16.9,N/A
DEL-NER-2026-000357,2026-08-25 09:30:00,2026-08-26 08:30:00,Pending,Arunachal Pradesh,Papum Pare,Itanagar,791469,Amazon Logistics (NER),Essential Medicines & Medical Supplies,2.38,4874.59,Electric Cargo 3-Wheeler,In Transit - Hub to Hub,Prepaid (Digital/UPI),N/A,None,10.4,N/A
DEL-NER-2026-000274,2026-08-25 09:30:00,2026-08-25 20:30:00,Pending,Sikkim,East Sikkim,Gangtok,737792,Amazon Logistics (NER),E-Commerce Consumer Electronics,0.96,6506.92,Electric Cargo 3-Wheeler,In Transit - Hub to Hub,Cash on Delivery (COD),N/A,None,26.3,N/A
DEL-NER-2026-000402,2026-08-25 09:30:00,2026-08-26 06:30:00,Pending,Assam,Dibrugarh,Dibrugarh,781743,Delhivery,Handicrafts & Organic NE Produce (Outbound),15.8,10172.97,Light Commercial Pickup Truck (Bolero / Ace),Delivery Attempted - Recipient Unavailable,Pay on Delivery (UPI QR),N/A,None,6.3,N/A
DEL-NER-2026-000064,2026-08-25 09:30:00,2026-08-26 09:30:00,Pending,Manipur,Churachandpur,Churachandpur,795980,Delhivery,Handicrafts & Organic NE Produce (Outbound),10.17,18389.32,Light Commercial Pickup Truck (Bolero / Ace),In Transit - Hub to Hub,Prepaid (Digital/UPI),N/A,None,7.7,N/A
DEL-NER-2026-000383,2026-08-25 09:30:00,2026-08-26 00:30:00,Pending,Assam,Sonitpur,Tezpur,781680,Blue Dart / DHL,Government / Official Documents,2.29,4219.8,Two-Wheeler / Bike Express,Out for Delivery (On-Time),Pay on Delivery (UPI QR),Pending,None,23.3,N/A
DEL-NER-2026-000380,2026-08-25 09:30:00,2026-08-25 22:30:00,Pending,Arunachal Pradesh,Papum Pare,Itanagar,791270,Amazon Logistics (NER),Essential Medicines & Medical Supplies,1.07,14346.81,Light Commercial Pickup Truck (Bolero / Ace),Out for Delivery (On-Time),Prepaid (Digital/UPI),Pending,None,23.5,N/A
DEL-NER-2026-000060,2026-08-25 09:30:00,2026-08-25 13:30:00,2026-08-25 13:30:00,Meghalaya,East Khasi Hills,Shillong,793618,Blue Dart / DHL,E-Commerce Consumer Electronics,5.22,11380.38,Two-Wheeler / Bike Express,Delivered Successfully,Prepaid (Digital/UPI),Verified,None,23.6,4.7
DEL-NER-2026-000224,2026-08-25 08:30:00,2026-08-25 18:30:00,Pending,Assam,Jorhat,Jorhat,781905,DTDC Express,Auto Spare Parts & Industrial Tools,7.07,15047.08,Foot Courier (Hill Stairs / Remote Village),Out for Delivery (On-Time),Prepaid (Digital/UPI),Pending,None,3.3,N/A
DEL-NER-2026-000088,2026-08-25 08:30:00,2026-08-26 13:30:00,Pending,Arunachal Pradesh,East Siang,Pasighat,791335,Flipkart Ekart,Handicrafts & Organic NE Produce (Outbound),17.59,8193.61,Light Commercial Pickup Truck (Bolero / Ace),Out for Delivery (On-Time),Prepaid (Digital/UPI),Pending,None,20.1,N/A
DEL-NER-2026-000039,2026-08-25 08:30:00,2026-08-25 12:30:00,2026-08-25 12:30:00,Tripura,West Tripura,Agartala,799474,India Post (Speed Post),Auto Spare Parts & Industrial Tools,13.21,5580.06,Electric Cargo 3-Wheeler,Delivered Successfully,Prepaid (Digital/UPI),Verified,None,11.3,5.0
DEL-NER-2026-000247,2026-08-25 08:30:00,2026-08-26 10:30:00,Pending,Sikkim,South Sikkim,Namchi,737258,India Post (Speed Post),Government / Official Documents,2.4,359.49,Light Commercial Pickup Truck (Bolero / Ace),In Transit - Hub to Hub,Prepaid (Digital/UPI),N/A,None,8.2,N/A
DEL-NER-2026-000291,2026-08-25 08:30:00,2026-08-26 07:30:00,Pending,Mizoram,Aizawl,Aizawl,796186,Blue Dart / DHL,Essential Medicines & Medical Supplies,1.32,6570.29,Electric Cargo 3-Wheeler,Out for Delivery (On-Time),Prepaid (Digital/UPI),Pending,None,8.9,N/A
DEL-NER-2026-000298,2026-08-25 08:30:00,2026-08-26 07:30:00,Pending,Assam,Cachar,Silchar,781243,Flipkart Ekart,Essential Medicines & Medical Supplies,1.86,9220.83,Two-Wheeler / Bike Express,Out for Delivery (On-Time),Prepaid (Digital/UPI),Pending,None,13.6,N/A
DEL-NER-2026-000205,2026-08-25 08:30:00,2026-08-26 17:30:00,Pending,Meghalaya,East Khasi Hills,Shillong,793725,Blue Dart / DHL,FMCG & Groceries,7.34,19156.88,Electric Cargo 3-Wheeler,Out for Delivery (On-Time),Pay on Delivery (UPI QR),Pending,None,26.5,N/A
DEL-NER-2026-000122,2026-08-25 08:30:00,2026-08-26 04:30:00,Pending,Mizoram,Lunglei,Lunglei,796806,Amazon Logistics (NER),Handicrafts & Organic NE Produce (Outbound),2.3,3787.66,Light Commercial Pickup Truck (Bolero / Ace),Out for Delivery (Delayed),Pay on Delivery (UPI QR),Pending,None,22.8,N/A
DEL-NER-2026-000492,2026-08-25 08:30:00,2026-08-26 18:30:00,Pending,Assam,Jorhat,Jorhat,781380,Amazon Logistics (NER),Handicrafts & Organic NE Produce (Outbound),1.19,3433.42,Two-Wheeler / Bike Express,Delivery Attempted - Recipient Unavailable,Prepaid (Digital/UPI),N/A,None,30.2,N/A
DEL-NER-2026-000310,2026-08-25 08:30:00,2026-08-26 19:30:00,Pending,Nagaland,Kohima,Kohima,797501,Delhivery,Essential Medicines & Medical Supplies,2.37,10627.9,Two-Wheeler / Bike Express,Out for Delivery (Delayed),Cash on Delivery (COD),Pending,None,26.4,N/A
DEL-NER-2026-000145,2026-08-25 07:30:00,2026-08-25 15:30:00,Pending,Arunachal Pradesh,Tawang,Tawang,791317,India Post (Speed Post),Government / Official Documents,1.29,3663.27,Two-Wheeler / Bike Express,In Transit - Hub to Hub,Prepaid (Digital/UPI),N/A,None,18.3,N/A
DEL-NER-2026-000125,2026-08-25 07:30:00,2026-08-26 11:30:00,Pending,Sikkim,South Sikkim,Namchi,737428,India Post (Speed Post),Handicrafts & Organic NE Produce (Outbound),6.7,18189.91,Light Commercial Pickup Truck (Bolero / Ace),Out for Delivery (Delayed),Prepaid (Digital/UPI),Pending,None,9.0,N/A
DEL-NER-2026-000001,2026-08-25 07:30:00,2026-08-26 03:30:00,Pending,Assam,Cachar,Silchar,781128,Amazon Logistics (NER),Apparel & Fashion,1.8,382.79,Foot Courier (Hill Stairs / Remote Village),Delayed - Weather / Heavy Rainfall,Pay on Delivery (UPI QR),N/A,Heavy Rain / Inundation,18.2,N/A
DEL-NER-2026-000410,2026-08-25 07:30:00,2026-08-26 06:30:00,Pending,Manipur,Churachandpur,Churachandpur,795175,Shadowfax,Essential Medicines & Medical Supplies,2.49,6335.39,Light Commercial Pickup Truck (Bolero / Ace),In Transit - Hub to Hub,Prepaid (Digital/UPI),N/A,None,26.7,N/A
DEL-NER-2026-000235,2026-08-25 07:30:00,2026-08-26 01:30:00,Pending,Mizoram,Lunglei,Lunglei,796905,Delhivery,FMCG & Groceries,16.38,21611.99,Light Commercial Pickup Truck (Bolero / Ace),Out for Delivery (On-Time),Prepaid (Digital/UPI),Pending,None,26.7,N/A
DEL-NER-2026-000393,2026-08-25 07:30:00,2026-08-26 10:30:00,Pending,Sikkim,South Sikkim,Namchi,737289,Flipkart Ekart,Apparel & Fashion,0.36,3990.38,Foot Courier (Hill Stairs / Remote Village),Out for Delivery (On-Time),Cash on Delivery (COD),Pending,None,1.8,N/A
DEL-NER-2026-000226,2026-08-25 07:30:00,2026-08-26 03:30:00,Pending,Mizoram,Lunglei,Lunglei,796571,Delhivery,Apparel & Fashion,1.56,2954.48,Two-Wheeler / Bike Express,Out for Delivery (On-Time),Prepaid (Digital/UPI),Pending,None,10.3,N/A
DEL-NER-2026-000222,2026-08-25 06:30:00,2026-08-25 20:30:00,Pending,Nagaland,Kohima,Kohima,797245,DTDC Express,Essential Medicines & Medical Supplies,2.39,11423.84,Electric Cargo 3-Wheeler,Out for Delivery (On-Time),Prepaid (Digital/UPI),Pending,None,12.3,N/A
DEL-NER-2026-000315,2026-08-25 06:30:00,2026-08-25 17:30:00,Pending,Manipur,Imphal West,Imphal,795612,India Post (Speed Post),Handicrafts & Organic NE Produce (Outbound),15.7,3742.88,Two-Wheeler / Bike Express,Out for Delivery (Delayed),Cash on Delivery (COD),Pending,None,25.5,N/A
DEL-NER-2026-000090,2026-08-25 06:30:00,2026-08-26 16:30:00,Pending,Tripura,Gomati,Udaipur,799944,ExpressBees,Essential Medicines & Medical Supplies,2.15,8084.32,Two-Wheeler / Bike Express,In Transit - Hub to Hub,Pay on Delivery (UPI QR),N/A,None,1.8,N/A
DEL-NER-2026-000473,2026-08-25 06:30:00,2026-08-25 17:30:00,2026-08-25 17:30:00,Arunachal Pradesh,Papum Pare,Itanagar,791265,DTDC Express,Government / Official Documents,1.64,415.6,Light Commercial Pickup Truck (Bolero / Ace),Delivered Successfully,Prepaid (Digital/UPI),Verified,None,11.5,4.7
DEL-NER-2026-000415,2026-08-25 06:30:00,2026-08-25 16:30:00,Pending,Sikkim,East Sikkim,Gangtok,737433,Flipkart Ekart,FMCG & Groceries,2.64,5639.27,Electric Cargo 3-Wheeler,In Transit - Hub to Hub,Prepaid (Digital/UPI),N/A,None,25.5,N/A
DEL-NER-2026-000127,2026-08-25 06:30:00,2026-08-26 01:30:00,Pending,Meghalaya,West Garo Hills,Tura,793603,Blue Dart / DHL,Auto Spare Parts & Industrial Tools,8.26,11752.9,Two-Wheeler / Bike Express,Out for Delivery (Delayed),Prepaid (Digital/UPI),Pending,None,3.0,N/A
DEL-NER-2026-000360,2026-08-25 06:30:00,2026-08-26 09:30:00,Pending,Nagaland,Dimapur,Dimapur,797379,India Post (Speed Post),E-Commerce Consumer Electronics,5.85,32096.85,Two-Wheeler / Bike Express,Held at Hub - Inner Line Permit / Customs Check,Prepaid (Digital/UPI),N/A,Inner Line Permit Verification,4.6,N/A
DEL-NER-2026-000286,2026-08-25 06:30:00,2026-08-25 20:30:00,Pending,Nagaland,Dimapur,Dimapur,797775,DTDC Express,Handicrafts & Organic NE Produce (Outbound),11.91,13347.42,Two-Wheeler / Bike Express,Delayed - Landslide / Road Blockade,Prepaid (Digital/UPI),N/A,Landslide / Highway Blockade,24.1,N/A
DEL-NER-2026-000241,2026-08-25 06:30:00,2026-08-26 08:30:00,Pending,Nagaland,Kohima,Kohima,797978,India Post (Speed Post),Handicrafts & Organic NE Produce (Outbound),1.65,12480.79,Light Commercial Pickup Truck (Bolero / Ace),Out for Delivery (On-Time),Prepaid (Digital/UPI),Pending,None,19.9,N/A
DEL-NER-2026-000157,2026-08-25 06:30:00,2026-08-26 00:30:00,Pending,Tripura,West Tripura,Agartala,799626,ExpressBees,Apparel & Fashion,2.45,2365.65,Light Commercial Pickup Truck (Bolero / Ace),In Transit - Hub to Hub,Pay on Delivery (UPI QR),N/A,None,15.6,N/A
DEL-NER-2026-000166,2026-08-25 06:30:00,2026-08-25 14:30:00,2026-08-25 14:30:00,Manipur,Churachandpur,Churachandpur,795129,Amazon Logistics (NER),E-Commerce Consumer Electronics,0.63,46078.59,Two-Wheeler / Bike Express,Delivered Successfully,Prepaid (Digital/UPI),Verified,None,5.1,4.6
DEL-NER-2026-000139,2026-08-25 05:30:00,2026-08-26 01:30:00,Pending,Tripura,Gomati,Udaipur,799299,Delhivery,Auto Spare Parts & Industrial Tools,16.13,19571.27,Light Commercial Pickup Truck (Bolero / Ace),In Transit - Hub to Hub,Cash on Delivery (COD),N/A,None,10.4,N/A
DEL-NER-2026-000133,2026-08-25 05:30:00,2026-08-26 06:30:00,Pending,Mizoram,Lunglei,Lunglei,796955,Delhivery,FMCG & Groceries,2.21,3932.11,Two-Wheeler / Bike Express,Out for Delivery (On-Time),Prepaid (Digital/UPI),Pending,None,16.9,N/A
DEL-NER-2026-000411,2026-08-25 05:30:00,2026-08-25 14:30:00,Pending,Arunachal Pradesh,Tawang,Tawang,791917,ExpressBees,E-Commerce Consumer Electronics,2.87,18768.35,Light Commercial Pickup Truck (Bolero / Ace),Out for Delivery (Delayed),Prepaid (Digital/UPI),Pending,None,10.6,N/A
DEL-NER-2026-000431,2026-08-25 05:30:00,2026-08-25 11:30:00,2026-08-25 11:30:00,Assam,Sonitpur,Tezpur,781699,India Post (Speed Post),Government / Official Documents,0.91,3358.94,Light Commercial Pickup Truck (Bolero / Ace),Delivered Successfully,Prepaid (Digital/UPI),Verified,None,13.0,3.8
DEL-NER-2026-000232,2026-08-25 05:30:00,2026-08-26 05:30:00,Pending,Meghalaya,West Garo Hills,Tura,793769,Blue Dart / DHL,Auto Spare Parts & Industrial Tools,21.97,18061.5,Light Commercial Pickup Truck (Bolero / Ace),Out for Delivery (On-Time),Prepaid (Digital/UPI),Pending,None,17.1,N/A
DEL-NER-2026-000230,2026-08-25 05:30:00,2026-08-26 13:30:00,Pending,Assam,Kamrup Metropolitan,Guwahati,781634,DTDC Express,Apparel & Fashion,1.48,1095.99,Foot Courier (Hill Stairs / Remote Village),Delivery Attempted - Recipient Unavailable,Prepaid (Digital/UPI),N/A,None,16.9,N/A
DEL-NER-2026-000237,2026-08-25 05:30:00,2026-08-25 16:30:00,Pending,Nagaland,Kohima,Kohima,797483,Delhivery,E-Commerce Consumer Electronics,5.19,20040.5,Electric Cargo 3-Wheeler,Delayed - Landslide / Road Blockade,Cash on Delivery (COD),N/A,Landslide / Highway Blockade,2.5,N/A
DEL-NER-2026-000251,2026-08-25 05:30:00,2026-08-25 16:30:00,2026-08-25 16:30:00,Assam,Kamrup Metropolitan,Guwahati,781287,Delhivery,E-Commerce Consumer Electronics,5.25,51779.51,Light Commercial Pickup Truck (Bolero / Ace),Delivered Successfully,Prepaid (Digital/UPI),Verified,None,30.7,3.7
DEL-NER-2026-000056,2026-08-25 05:30:00,2026-08-26 02:30:00,Pending,Manipur,Churachandpur,Churachandpur,795659,Amazon Logistics (NER),Government / Official Documents,1.21,4077.18,Light Commercial Pickup Truck (Bolero / Ace),Out for Delivery (On-Time),Prepaid (Digital/UPI),Pending,None,28.2,N/A
DEL-NER-2026-000167,2026-08-25 04:30:00,2026-08-25 22:30:00,Pending,Tripura,Gomati,Udaipur,799487,India Post (Speed Post),Apparel & Fashion,0.68,2147.47,Two-Wheeler / Bike Express,Out for Delivery (On-Time),Pay on Delivery (UPI QR),Pending,None,28.4,N/A
DEL-NER-2026-000134,2026-08-25 04:30:00,2026-08-25 15:30:00,Pending,Manipur,Imphal West,Imphal,795796,Blue Dart / DHL,Auto Spare Parts & Industrial Tools,23.32,3608.69,Electric Cargo 3-Wheeler,Out for Delivery (On-Time),Prepaid (Digital/UPI),Pending,None,21.2,N/A
DEL-NER-2026-000387,2026-08-25 04:30:00,2026-08-26 02:30:00,Pending,Sikkim,East Sikkim,Gangtok,737976,Blue Dart / DHL,Essential Medicines & Medical Supplies,1.87,13653.01,Electric Cargo 3-Wheeler,Out for Delivery (On-Time),Cash on Delivery (COD),Pending,None,21.9,N/A
DEL-NER-2026-000008,2026-08-25 04:30:00,2026-08-26 04:30:00,Pending,Meghalaya,West Garo Hills,Tura,793573,DTDC Express,Handicrafts & Organic NE Produce (Outbound),7.89,20092.47,Light Commercial Pickup Truck (Bolero / Ace),Out for Delivery (On-Time),Cash on Delivery (COD),Pending,None,23.0,N/A
DEL-NER-2026-000418,2026-08-25 04:30:00,2026-08-25 20:30:00,Pending,Tripura,West Tripura,Agartala,799397,ExpressBees,Essential Medicines & Medical Supplies,3.07,12645.87,Light Commercial Pickup Truck (Bolero / Ace),Out for Delivery (On-Time),Prepaid (Digital/UPI),Pending,None,30.4,N/A
DEL-NER-2026-000189,2026-08-25 04:30:00,2026-08-25 19:30:00,Pending,Arunachal Pradesh,Tawang,Tawang,791687,Flipkart Ekart,Apparel & Fashion,1.08,1310.28,Light Commercial Pickup Truck (Bolero / Ace),Out for Delivery (On-Time),Prepaid (Digital/UPI),Pending,None,3.2,N/A
DEL-NER-2026-000225,2026-08-25 04:30:00,2026-08-26 07:30:00,Pending,Arunachal Pradesh,Tawang,Tawang,791669,Flipkart Ekart,Essential Medicines & Medical Supplies,0.64,8107.83,Light Commercial Pickup Truck (Bolero / Ace),Out for Delivery (On-Time),Prepaid (Digital/UPI),Pending,None,5.8,N/A
DEL-NER-2026-000171,2026-08-25 04:30:00,2026-08-25 09:30:00,2026-08-25 09:30:00,Mizoram,Aizawl,Aizawl,796428,Blue Dart / DHL,E-Commerce Consumer Electronics,7.08,31218.34,Light Commercial Pickup Truck (Bolero / Ace),Delivered Successfully,Prepaid (Digital/UPI),Verified,None,3.1,4.7
DEL-NER-2026-000495,2026-08-25 04:30:00,2026-08-25 13:30:00,Pending,Assam,Dibrugarh,Dibrugarh,781143,Flipkart Ekart,Essential Medicines & Medical Supplies,3.22,2140.17,Two-Wheeler / Bike Express,Out for Delivery (On-Time),Prepaid (Digital/UPI),Pending,None,8.8,N/A
DEL-NER-2026-000036,2026-08-25 04:30:00,2026-08-25 19:30:00,Pending,Assam,Cachar,Silchar,781422,ExpressBees,Auto Spare Parts & Industrial Tools,2.73,6178.61,Light Commercial Pickup Truck (Bolero / Ace),Out for Delivery (On-Time),Prepaid (Digital/UPI),Pending,None,26.6,N/A
DEL-NER-2026-000343,2026-08-25 04:30:00,2026-08-25 11:30:00,2026-08-25 11:30:00,Manipur,Churachandpur,Churachandpur,795291,Flipkart Ekart,E-Commerce Consumer Electronics,1.08,59878.65,Two-Wheeler / Bike Express,Delivered Successfully,Prepaid (Digital/UPI),Verified,None,15.9,4.1
DEL-NER-2026-000497,2026-08-25 04:30:00,2026-08-26 14:30:00,Pending,Tripura,West Tripura,Agartala,799455,India Post (Speed Post),Apparel & Fashion,2.27,961.43,Two-Wheeler / Bike Express,Out for Delivery (On-Time),Prepaid (Digital/UPI),Pending,None,27.5,N/A
DEL-NER-2026-000093,2026-08-25 04:30:00,2026-08-25 12:30:00,Pending,Arunachal Pradesh,Tawang,Tawang,791937,India Post (Speed Post),E-Commerce Consumer Electronics,8.43,2654.22,Foot Courier (Hill Stairs / Remote Village),Delayed - Landslide / Road Blockade,Cash on Delivery (COD),N/A,Landslide / Highway Blockade,14.7,N/A
DEL-NER-2026-000440,2026-08-25 03:30:00,2026-08-25 20:30:00,Pending,Assam,Jorhat,Jorhat,781973,India Post (Speed Post),Essential Medicines & Medical Supplies,3.38,2304.07,Light Commercial Pickup Truck (Bolero / Ace),Out for Delivery (On-Time),Prepaid (Digital/UPI),Pending,None,25.4,N/A
DEL-NER-2026-000108,2026-08-25 03:30:00,2026-08-25 14:30:00,Pending,Assam,Sonitpur,Tezpur,781344,Amazon Logistics (NER),E-Commerce Consumer Electronics,4.46,64904.5,Two-Wheeler / Bike Express,In Transit - Hub to Hub,Prepaid (Digital/UPI),N/A,None,27.3,N/A
DEL-NER-2026-000308,2026-08-25 03:30:00,2026-08-26 11:30:00,Pending,Meghalaya,East Khasi Hills,Shillong,793404,Shadowfax,Government / Official Documents,1.83,3499.68,Electric Cargo 3-Wheeler,Out for Delivery (On-Time),Pay on Delivery (UPI QR),Pending,None,16.7,N/A
DEL-NER-2026-000101,2026-08-25 03:30:00,2026-08-25 12:30:00,Pending,Tripura,Gomati,Udaipur,799765,Blue Dart / DHL,Handicrafts & Organic NE Produce (Outbound),15.08,20141.98,Light Commercial Pickup Truck (Bolero / Ace),Delayed - Landslide / Road Blockade,Cash on Delivery (COD),N/A,Landslide / Highway Blockade,10.5,N/A
DEL-NER-2026-000116,2026-08-25 03:30:00,2026-08-25 14:30:00,Pending,Nagaland,Kohima,Kohima,797971,Amazon Logistics (NER),Auto Spare Parts & Industrial Tools,10.99,13519.52,Light Commercial Pickup Truck (Bolero / Ace),Out for Delivery (On-Time),Prepaid (Digital/UPI),Pending,None,4.2,N/A
DEL-NER-2026-000265,2026-08-25 03:30:00,2026-08-26 08:30:00,Pending,Assam,Cachar,Silchar,781956,Delhivery,Government / Official Documents,0.46,2882.08,Light Commercial Pickup Truck (Bolero / Ace),In Transit - Hub to Hub,Prepaid (Digital/UPI),N/A,None,19.0,N/A
DEL-NER-2026-000475,2026-08-25 03:30:00,2026-08-26 03:30:00,Pending,Mizoram,Aizawl,Aizawl,796210,Blue Dart / DHL,Government / Official Documents,1.37,897.25,Electric Cargo 3-Wheeler,Out for Delivery (On-Time),Cash on Delivery (COD),Pending,None,10.7,N/A
DEL-NER-2026-000408,2026-08-25 03:30:00,2026-08-25 22:30:00,Pending,Meghalaya,West Garo Hills,Tura,793710,Blue Dart / DHL,FMCG & Groceries,9.38,18423.56,Two-Wheeler / Bike Express,Out for Delivery (On-Time),Cash on Delivery (COD),Pending,None,17.2,N/A
DEL-NER-2026-000496,2026-08-25 03:30:00,2026-08-26 00:30:00,Pending,Assam,Sonitpur,Tezpur,781672,India Post (Speed Post),E-Commerce Consumer Electronics,6.6,42431.63,Light Commercial Pickup Truck (Bolero / Ace),In Transit - Hub to Hub,Cash on Delivery (COD),N/A,None,22.0,N/A
DEL-NER-2026-000228,2026-08-25 02:30:00,2026-08-25 11:30:00,Pending,Sikkim,South Sikkim,Namchi,737107,Flipkart Ekart,Essential Medicines & Medical Supplies,0.76,8812.22,Drone Delivery (Medicines/High Altitude),Out for Delivery (On-Time),Prepaid (Digital/UPI),Pending,None,26.3,N/A
DEL-NER-2026-000382,2026-08-25 02:30:00,2026-08-25 16:30:00,Pending,Assam,Jorhat,Jorhat,781904,Amazon Logistics (NER),FMCG & Groceries,1.27,13483.18,Two-Wheeler / Bike Express,Out for Delivery (On-Time),Prepaid (Digital/UPI),Pending,None,3.9,N/A
DEL-NER-2026-000192,2026-08-25 02:30:00,2026-08-26 02:30:00,Pending,Arunachal Pradesh,Tawang,Tawang,791981,India Post (Speed Post),E-Commerce Consumer Electronics,5.79,28740.34,Light Commercial Pickup Truck (Bolero / Ace),Delayed - Landslide / Road Blockade,Cash on Delivery (COD),N/A,Landslide / Highway Blockade,13.7,N/A
DEL-NER-2026-000457,2026-08-25 02:30:00,2026-08-26 13:30:00,Pending,Arunachal Pradesh,East Siang,Pasighat,791399,ExpressBees,Essential Medicines & Medical Supplies,0.75,12933.01,Light Commercial Pickup Truck (Bolero / Ace),Out for Delivery (On-Time),Prepaid (Digital/UPI),Pending,None,20.8,N/A
DEL-NER-2026-000423,2026-08-25 02:30:00,2026-08-26 13:30:00,Pending,Meghalaya,East Khasi Hills,Shillong,793984,Flipkart Ekart,Handicrafts & Organic NE Produce (Outbound),15.9,16335.01,Two-Wheeler / Bike Express,Out for Delivery (On-Time),Prepaid (Digital/UPI),Pending,None,9.4,N/A
DEL-NER-2026-000236,2026-08-25 02:30:00,2026-08-26 09:30:00,Pending,Arunachal Pradesh,Tawang,Tawang,791591,Amazon Logistics (NER),Auto Spare Parts & Industrial Tools,6.15,3132.93,Light Commercial Pickup Truck (Bolero / Ace),Out for Delivery (On-Time),Cash on Delivery (COD),Pending,None,13.1,N/A
DEL-NER-2026-000282,2026-08-25 02:30:00,2026-08-26 10:30:00,Pending,Meghalaya,East Khasi Hills,Shillong,793772,Delhivery,Handicrafts & Organic NE Produce (Outbound),12.5,10105.3,Two-Wheeler / Bike Express,Out for Delivery (Delayed),Cash on Delivery (COD),Pending,None,31.4,N/A
DEL-NER-2026-000020,2026-08-25 02:30:00,2026-08-25 11:30:00,Pending,Nagaland,Kohima,Kohima,797193,India Post (Speed Post),Handicrafts & Organic NE Produce (Outbound),12.59,1922.31,Two-Wheeler / Bike Express,Delayed - Weather / Heavy Rainfall,Prepaid (Digital/UPI),N/A,Heavy Rain / Inundation,9.1,N/A
DEL-NER-2026-000370,2026-08-25 01:30:00,2026-08-26 06:30:00,Pending,Meghalaya,East Khasi Hills,Shillong,793815,Delhivery,Essential Medicines & Medical Supplies,0.54,7412.6,Electric Cargo 3-Wheeler,Out for Delivery (On-Time),Prepaid (Digital/UPI),Pending,None,21.2,N/A
DEL-NER-2026-000031,2026-08-25 01:30:00,2026-08-26 08:30:00,Pending,Mizoram,Lunglei,Lunglei,796476,ExpressBees,E-Commerce Consumer Electronics,6.58,4741.45,Two-Wheeler / Bike Express,Delivery Attempted - Recipient Unavailable,Prepaid (Digital/UPI),N/A,None,4.0,N/A
DEL-NER-2026-000434,2026-08-25 01:30:00,2026-08-26 01:30:00,Pending,Sikkim,South Sikkim,Namchi,737284,Blue Dart / DHL,Apparel & Fashion,1.11,1055.7,Light Commercial Pickup Truck (Bolero / Ace),Out for Delivery (On-Time),Prepaid (Digital/UPI),Pending,None,20.8,N/A
DEL-NER-2026-000085,2026-08-25 01:30:00,2026-08-25 10:30:00,2026-08-25 10:30:00,Assam,Sonitpur,Tezpur,781274,Amazon Logistics (NER),Handicrafts & Organic NE Produce (Outbound),16.45,13653.74,Foot Courier (Hill Stairs / Remote Village),Delivered Successfully,Pay on Delivery (UPI QR),Verified,None,15.4,3.9
DEL-NER-2026-000332,2026-08-25 01:30:00,2026-08-25 10:30:00,Pending,Arunachal Pradesh,Papum Pare,Itanagar,791928,DTDC Express,Apparel & Fashion,1.14,1816.23,Electric Cargo 3-Wheeler,Out for Delivery (Delayed),Prepaid (Digital/UPI),Pending,None,25.5,N/A
DEL-NER-2026-000180,2026-08-25 01:30:00,2026-08-25 11:30:00,Pending,Manipur,Imphal West,Imphal,795531,India Post (Speed Post),Apparel & Fashion,0.5,3592.84,Two-Wheeler / Bike Express,Out for Delivery (Delayed),Prepaid (Digital/UPI),Pending,None,10.8,N/A
DEL-NER-2026-000466,2026-08-25 01:30:00,2026-08-25 23:30:00,Pending,Assam,Jorhat,Jorhat,781270,Delhivery,Auto Spare Parts & Industrial Tools,7.0,11606.21,Light Commercial Pickup Truck (Bolero / Ace),Held at Hub - Inner Line Permit / Customs Check,Prepaid (Digital/UPI),N/A,Inner Line Permit Verification,13.3,N/A
DEL-NER-2026-000337,2026-08-25 00:30:00,2026-08-25 18:30:00,Pending,Arunachal Pradesh,East Siang,Pasighat,791419,Blue Dart / DHL,E-Commerce Consumer Electronics,5.85,20388.83,Light Commercial Pickup Truck (Bolero / Ace),Out for Delivery (On-Time),Prepaid (Digital/UPI),Pending,None,26.6,N/A
DEL-NER-2026-000452,2026-08-25 00:30:00,2026-08-25 21:30:00,Pending,Tripura,West Tripura,Agartala,799896,ExpressBees,Auto Spare Parts & Industrial Tools,7.54,2576.8,Two-Wheeler / Bike Express,Out for Delivery (On-Time),Cash on Delivery (COD),Pending,None,6.6,N/A
DEL-NER-2026-000052,2026-08-25 00:30:00,2026-08-26 02:30:00,Pending,Meghalaya,West Garo Hills,Tura,793306,DTDC Express,Apparel & Fashion,1.09,4339.31,Light Commercial Pickup Truck (Bolero / Ace),Out for Delivery (On-Time),Pay on Delivery (UPI QR),Pending,None,20.7,N/A
DEL-NER-2026-000091,2026-08-25 00:30:00,2026-08-25 12:30:00,Pending,Nagaland,Kohima,Kohima,797231,India Post (Speed Post),Handicrafts & Organic NE Produce (Outbound),21.81,8733.7,Light Commercial Pickup Truck (Bolero / Ace),Out for Delivery (On-Time),Prepaid (Digital/UPI),Pending,None,30.8,N/A
DEL-NER-2026-000198,2026-08-25 00:30:00,2026-08-26 08:30:00,Pending,Assam,Jorhat,Jorhat,781793,ExpressBees,FMCG & Groceries,7.62,3733.07,Two-Wheeler / Bike Express,In Transit - Hub to Hub,Prepaid (Digital/UPI),N/A,None,14.6,N/A
DEL-NER-2026-000329,2026-08-25 00:30:00,2026-08-25 19:30:00,Pending,Tripura,Gomati,Udaipur,799850,India Post (Speed Post),Auto Spare Parts & Industrial Tools,9.65,19700.64,Light Commercial Pickup Truck (Bolero / Ace),Out for Delivery (Delayed),Cash on Delivery (COD),Pending,None,7.0,N/A
DEL-NER-2026-000483,2026-08-25 00:30:00,2026-08-25 04:30:00,2026-08-25 04:30:00,Assam,Cachar,Silchar,781110,Flipkart Ekart,Handicrafts & Organic NE Produce (Outbound),8.68,13884.32,Light Commercial Pickup Truck (Bolero / Ace),Delivered Successfully,Cash on Delivery (COD),Verified,None,18.5,4.6
DEL-NER-2026-000376,2026-08-25 00:30:00,2026-08-25 21:30:00,Pending,Nagaland,Kohima,Kohima,797933,ExpressBees,Essential Medicines & Medical Supplies,0.86,3435.95,Two-Wheeler / Bike Express,Out for Delivery (On-Time),Pay on Delivery (UPI QR),Pending,None,11.0,N/A
DEL-NER-2026-000490,2026-08-25 00:30:00,2026-08-26 01:30:00,Pending,Sikkim,East Sikkim,Gangtok,737420,DTDC Express,E-Commerce Consumer Electronics,6.99,59985.62,Electric Cargo 3-Wheeler,Out for Delivery (On-Time),Pay on Delivery (UPI QR),Pending,None,28.6,N/A
DEL-NER-2026-000493,2026-08-24 23:30:00,2026-08-25 09:30:00,Pending,Arunachal Pradesh,Papum Pare,Itanagar,791146,Shadowfax,E-Commerce Consumer Electronics,8.2,39462.89,Two-Wheeler / Bike Express,Delivery Attempted - Recipient Unavailable,Prepaid (Digital/UPI),N/A,None,9.0,N/A
DEL-NER-2026-000361,2026-08-24 23:30:00,2026-08-25 02:30:00,2026-08-25 02:30:00,Mizoram,Aizawl,Aizawl,796112,ExpressBees,Auto Spare Parts & Industrial Tools,22.61,3365.52,Light Commercial Pickup Truck (Bolero / Ace),Delivered Successfully,Prepaid (Digital/UPI),Verified,None,1.5,4.9
DEL-NER-2026-000362,2026-08-24 23:30:00,2026-08-26 02:30:00,Pending,Sikkim,South Sikkim,Namchi,737572,Shadowfax,E-Commerce Consumer Electronics,6.49,60481.89,Two-Wheeler / Bike Express,Out for Delivery (On-Time),Pay on Delivery (UPI QR),Pending,None,11.6,N/A
DEL-NER-2026-000058,2026-08-24 23:30:00,2026-08-26 02:30:00,Pending,Tripura,Gomati,Udaipur,799740,Blue Dart / DHL,Auto Spare Parts & Industrial Tools,9.97,10892.83,Two-Wheeler / Bike Express,Out for Delivery (On-Time),Prepaid (Digital/UPI),Pending,None,3.1,N/A
DEL-NER-2026-000025,2026-08-24 23:30:00,2026-08-25 10:30:00,Pending,Assam,Jorhat,Jorhat,781135,Amazon Logistics (NER),Government / Official Documents,2.22,463.42,Two-Wheeler / Bike Express,In Transit - Hub to Hub,Cash on Delivery (COD),N/A,None,3.0,N/A
DEL-NER-2026-000187,2026-08-24 23:30:00,2026-08-26 09:30:00,Pending,Nagaland,Dimapur,Dimapur,797310,Amazon Logistics (NER),E-Commerce Consumer Electronics,4.63,9253.84,Two-Wheeler / Bike Express,Out for Delivery (On-Time),Prepaid (Digital/UPI),Pending,None,20.2,N/A
DEL-NER-2026-000079,2026-08-24 23:30:00,2026-08-25 17:30:00,Pending,Assam,Dibrugarh,Dibrugarh,781262,Blue Dart / DHL,Apparel & Fashion,2.37,1043.78,Foot Courier (Hill Stairs / Remote Village),Out for Delivery (On-Time),Prepaid (Digital/UPI),Pending,None,4.8,N/A
DEL-NER-2026-000132,2026-08-24 23:30:00,2026-08-26 08:30:00,Pending,Arunachal Pradesh,Papum Pare,Itanagar,791647,DTDC Express,Auto Spare Parts & Industrial Tools,2.11,18100.97,Two-Wheeler / Bike Express,In Transit - Hub to Hub,Cash on Delivery (COD),N/A,None,7.4,N/A
DEL-NER-2026-000432,2026-08-24 23:30:00,2026-08-25 09:30:00,2026-08-25 09:30:00,Mizoram,Lunglei,Lunglei,796129,Blue Dart / DHL,Handicrafts & Organic NE Produce (Outbound),13.89,8507.21,Foot Courier (Hill Stairs / Remote Village),Delivered Successfully,Prepaid (Digital/UPI),Verified,None,31.1,4.2
DEL-NER-2026-000292,2026-08-24 23:30:00,2026-08-25 09:30:00,Pending,Arunachal Pradesh,Papum Pare,Itanagar,791514,Shadowfax,Government / Official Documents,1.69,1828.13,Light Commercial Pickup Truck (Bolero / Ace),Delayed - Weather / Heavy Rainfall,Pay on Delivery (UPI QR),N/A,Heavy Rain / Inundation,13.3,N/A
DEL-NER-2026-000359,2026-08-24 23:30:00,2026-08-25 21:30:00,Pending,Assam,Kamrup Metropolitan,Guwahati,781695,Shadowfax,FMCG & Groceries,6.1,18748.36,Light Commercial Pickup Truck (Bolero / Ace),In Transit - Hub to Hub,Prepaid (Digital/UPI),N/A,None,27.7,N/A
DEL-NER-2026-000465,2026-08-24 23:30:00,2026-08-26 09:30:00,Pending,Manipur,Churachandpur,Churachandpur,795226,ExpressBees,Auto Spare Parts & Industrial Tools,18.61,11725.98,Light Commercial Pickup Truck (Bolero / Ace),In Transit - Hub to Hub,Prepaid (Digital/UPI),N/A,None,8.9,N/A
DEL-NER-2026-000476,2026-08-24 23:30:00,2026-08-25 17:30:00,Pending,Mizoram,Lunglei,Lunglei,796153,DTDC Express,Apparel & Fashion,2.42,1276.74,Two-Wheeler / Bike Express,Delayed - Landslide / Road Blockade,Prepaid (Digital/UPI),N/A,Landslide / Highway Blockade,27.2,N/A
DEL-NER-2026-000126,2026-08-24 23:30:00,2026-08-26 03:30:00,Pending,Manipur,Churachandpur,Churachandpur,795351,ExpressBees,Handicrafts & Organic NE Produce (Outbound),23.44,1926.23,Light Commercial Pickup Truck (Bolero / Ace),Out for Delivery (On-Time),Cash on Delivery (COD),Pending,None,28.4,N/A
DEL-NER-2026-000386,2026-08-24 22:30:00,2026-08-25 12:30:00,Pending,Tripura,West Tripura,Agartala,799349,India Post (Speed Post),E-Commerce Consumer Electronics,7.16,11561.29,Two-Wheeler / Bike Express,In Transit - Hub to Hub,Prepaid (Digital/UPI),N/A,None,2.5,N/A
DEL-NER-2026-000221,2026-08-24 22:30:00,2026-08-26 07:30:00,Pending,Arunachal Pradesh,East Siang,Pasighat,791976,Shadowfax,Essential Medicines & Medical Supplies,1.32,13977.94,Light Commercial Pickup Truck (Bolero / Ace),Out for Delivery (Delayed),Pay on Delivery (UPI QR),Pending,None,20.9,N/A
DEL-NER-2026-000215,2026-08-24 22:30:00,2026-08-26 09:30:00,Pending,Assam,Sonitpur,Tezpur,781166,ExpressBees,Apparel & Fashion,1.47,3942.22,Two-Wheeler / Bike Express,Out for Delivery (On-Time),Cash on Delivery (COD),Pending,None,30.7,N/A
DEL-NER-2026-000407,2026-08-24 22:30:00,2026-08-26 08:30:00,Pending,Tripura,West Tripura,Agartala,799735,Blue Dart / DHL,Handicrafts & Organic NE Produce (Outbound),16.65,16214.41,Two-Wheeler / Bike Express,Out for Delivery (On-Time),Prepaid (Digital/UPI),Pending,None,32.0,N/A
DEL-NER-2026-000070,2026-08-24 22:30:00,2026-08-25 19:30:00,Pending,Arunachal Pradesh,East Siang,Pasighat,791654,Blue Dart / DHL,Essential Medicines & Medical Supplies,0.67,1284.01,Light Commercial Pickup Truck (Bolero / Ace),Out for Delivery (On-Time),Prepaid (Digital/UPI),Pending,None,6.4,N/A
DEL-NER-2026-000096,2026-08-24 22:30:00,2026-08-26 02:30:00,Pending,Arunachal Pradesh,East Siang,Pasighat,791367,Flipkart Ekart,E-Commerce Consumer Electronics,0.51,28662.92,Foot Courier (Hill Stairs / Remote Village),Out for Delivery (On-Time),Cash on Delivery (COD),Pending,None,9.3,N/A
DEL-NER-2026-000346,2026-08-24 22:30:00,2026-08-25 07:30:00,Pending,Meghalaya,West Garo Hills,Tura,793536,Flipkart Ekart,Government / Official Documents,2.4,1081.4,Two-Wheeler / Bike Express,In Transit - Hub to Hub,Cash on Delivery (COD),N/A,None,25.0,N/A
DEL-NER-2026-000356,2026-08-24 22:30:00,2026-08-26 00:30:00,Pending,Assam,Jorhat,Jorhat,781885,Amazon Logistics (NER),E-Commerce Consumer Electronics,7.63,18528.33,Light Commercial Pickup Truck (Bolero / Ace),Delivery Attempted - Recipient Unavailable,Cash on Delivery (COD),N/A,None,8.0,N/A
DEL-NER-2026-000351,2026-08-24 22:30:00,2026-08-26 07:30:00,Pending,Tripura,Gomati,Udaipur,799121,ExpressBees,Handicrafts & Organic NE Produce (Outbound),17.57,19291.59,Light Commercial Pickup Truck (Bolero / Ace),Out for Delivery (On-Time),Cash on Delivery (COD),Pending,None,19.4,N/A
DEL-NER-2026-000275,2026-08-24 22:30:00,2026-08-25 11:30:00,Pending,Sikkim,South Sikkim,Namchi,737893,ExpressBees,FMCG & Groceries,11.06,11676.65,Light Commercial Pickup Truck (Bolero / Ace),In Transit - Hub to Hub,Prepaid (Digital/UPI),N/A,None,3.1,N/A
DEL-NER-2026-000197,2026-08-24 21:30:00,2026-08-25 20:30:00,Pending,Assam,Kamrup Metropolitan,Guwahati,781370,ExpressBees,Handicrafts & Organic NE Produce (Outbound),20.83,20637.71,Light Commercial Pickup Truck (Bolero / Ace),Out for Delivery (On-Time),Cash on Delivery (COD),Pending,None,9.4,N/A
DEL-NER-2026-000453,2026-08-24 21:30:00,2026-08-26 06:30:00,Pending,Arunachal Pradesh,Papum Pare,Itanagar,791127,Flipkart Ekart,Apparel & Fashion,0.92,890.97,Light Commercial Pickup Truck (Bolero / Ace),In Transit - Hub to Hub,Pay on Delivery (UPI QR),N/A,None,27.2,N/A
DEL-NER-2026-000184,2026-08-24 21:30:00,2026-08-25 12:30:00,Pending,Meghalaya,West Garo Hills,Tura,793722,Amazon Logistics (NER),Apparel & Fashion,0.61,3555.6,Foot Courier (Hill Stairs / Remote Village),Delayed - Weather / Heavy Rainfall,Prepaid (Digital/UPI),N/A,Heavy Rain / Inundation,15.8,N/A
DEL-NER-2026-000179,2026-08-24 21:30:00,2026-08-25 15:30:00,Pending,Assam,Cachar,Silchar,781117,Delhivery,Handicrafts & Organic NE Produce (Outbound),18.03,15283.82,Two-Wheeler / Bike Express,Delayed - Weather / Heavy Rainfall,Prepaid (Digital/UPI),N/A,Heavy Rain / Inundation,21.4,N/A
DEL-NER-2026-000284,2026-08-24 21:30:00,2026-08-25 20:30:00,Pending,Nagaland,Dimapur,Dimapur,797504,Blue Dart / DHL,Government / Official Documents,0.64,2371.99,Light Commercial Pickup Truck (Bolero / Ace),Out for Delivery (On-Time),Prepaid (Digital/UPI),Pending,None,1.8,N/A
DEL-NER-2026-000004,2026-08-24 21:30:00,2026-08-25 16:30:00,Pending,Assam,Jorhat,Jorhat,781239,India Post (Speed Post),FMCG & Groceries,18.58,13298.48,Two-Wheeler / Bike Express,Out for Delivery (On-Time),Prepaid (Digital/UPI),Pending,None,14.9,N/A
DEL-NER-2026-000162,2026-08-24 21:30:00,2026-08-26 00:30:00,Pending,Mizoram,Aizawl,Aizawl,796566,Shadowfax,Essential Medicines & Medical Supplies,0.84,13270.35,Light Commercial Pickup Truck (Bolero / Ace),Out for Delivery (On-Time),Prepaid (Digital/UPI),Pending,None,8.9,N/A
DEL-NER-2026-000451,2026-08-24 21:30:00,2026-08-25 13:30:00,Pending,Tripura,Gomati,Udaipur,799851,DTDC Express,E-Commerce Consumer Electronics,3.87,34487.14,Two-Wheeler / Bike Express,Out for Delivery (On-Time),Prepaid (Digital/UPI),Pending,None,24.0,N/A
DEL-NER-2026-000051,2026-08-24 21:30:00,2026-08-26 06:30:00,Pending,Assam,Sonitpur,Tezpur,781423,Delhivery,Government / Official Documents,0.14,2132.41,Two-Wheeler / Bike Express,Delayed - Landslide / Road Blockade,Cash on Delivery (COD),N/A,Landslide / Highway Blockade,31.9,N/A
DEL-NER-2026-000309,2026-08-24 20:30:00,2026-08-25 17:30:00,Pending,Arunachal Pradesh,East Siang,Pasighat,791376,Blue Dart / DHL,Auto Spare Parts & Industrial Tools,12.01,8752.93,Two-Wheeler / Bike Express,In Transit - Hub to Hub,Cash on Delivery (COD),N/A,None,11.6,N/A
DEL-NER-2026-000433,2026-08-24 20:30:00,2026-08-25 00:30:00,2026-08-25 00:30:00,Nagaland,Dimapur,Dimapur,797881,Flipkart Ekart,Auto Spare Parts & Industrial Tools,8.22,1589.9,Light Commercial Pickup Truck (Bolero / Ace),Delivered Successfully,Cash on Delivery (COD),Verified,None,29.2,4.4
DEL-NER-2026-000176,2026-08-24 20:30:00,2026-08-24 23:30:00,2026-08-24 23:30:00,Arunachal Pradesh,East Siang,Pasighat,791904,Blue Dart / DHL,Essential Medicines & Medical Supplies,1.3,10907.65,Drone Delivery (Medicines/High Altitude),Delivered Successfully,Cash on Delivery (COD),Verified,None,13.4,4.0
DEL-NER-2026-000202,2026-08-24 20:30:00,2026-08-25 05:30:00,Pending,Tripura,Gomati,Udaipur,799588,India Post (Speed Post),Auto Spare Parts & Industrial Tools,9.01,3272.36,Light Commercial Pickup Truck (Bolero / Ace),In Transit - Hub to Hub,Prepaid (Digital/UPI),N/A,None,24.9,N/A
DEL-NER-2026-000183,2026-08-24 20:30:00,2026-08-25 00:30:00,2026-08-25 00:30:00,Arunachal Pradesh,East Siang,Pasighat,791456,Shadowfax,Apparel & Fashion,1.98,322.97,Foot Courier (Hill Stairs / Remote Village),Delivered Successfully,Cash on Delivery (COD),Verified,None,28.1,4.2
DEL-NER-2026-000186,2026-08-24 20:30:00,2026-08-25 22:30:00,Pending,Manipur,Imphal West,Imphal,795247,Blue Dart / DHL,Government / Official Documents,2.38,4450.96,Two-Wheeler / Bike Express,Out for Delivery (On-Time),Pay on Delivery (UPI QR),Pending,None,7.1,N/A
DEL-NER-2026-000249,2026-08-24 20:30:00,2026-08-24 22:30:00,2026-08-24 22:30:00,Assam,Sonitpur,Tezpur,781384,Amazon Logistics (NER),E-Commerce Consumer Electronics,4.15,40722.03,Light Commercial Pickup Truck (Bolero / Ace),Delivered Successfully,Pay on Delivery (UPI QR),Verified,None,17.8,3.9
DEL-NER-2026-000439,2026-08-24 20:30:00,2026-08-25 08:30:00,Pending,Sikkim,East Sikkim,Gangtok,737651,ExpressBees,Auto Spare Parts & Industrial Tools,2.38,2262.8,Light Commercial Pickup Truck (Bolero / Ace),Out for Delivery (On-Time),Pay on Delivery (UPI QR),Pending,None,24.8,N/A
DEL-NER-2026-000142,2026-08-24 20:30:00,2026-08-25 04:30:00,Pending,Manipur,Churachandpur,Churachandpur,795152,Amazon Logistics (NER),Government / Official Documents,0.17,2717.37,Two-Wheeler / Bike Express,Out for Delivery (On-Time),Prepaid (Digital/UPI),Pending,None,14.5,N/A
DEL-NER-2026-000417,2026-08-24 20:30:00,2026-08-26 03:30:00,Pending,Assam,Sonitpur,Tezpur,781831,DTDC Express,FMCG & Groceries,18.84,4757.98,Two-Wheeler / Bike Express,In Transit - Hub to Hub,Prepaid (Digital/UPI),N/A,None,26.8,N/A
DEL-NER-2026-000117,2026-08-24 20:30:00,2026-08-25 01:30:00,2026-08-25 01:30:00,Manipur,Churachandpur,Churachandpur,795252,Flipkart Ekart,Apparel & Fashion,1.26,1312.88,Two-Wheeler / Bike Express,Delivered Successfully,Prepaid (Digital/UPI),Verified,None,31.1,5.0
DEL-NER-2026-000306,2026-08-24 19:30:00,2026-08-25 12:30:00,Pending,Tripura,Gomati,Udaipur,799966,Delhivery,E-Commerce Consumer Electronics,1.27,62857.5,Two-Wheeler / Bike Express,In Transit - Hub to Hub,Pay on Delivery (UPI QR),N/A,None,4.7,N/A
DEL-NER-2026-000436,2026-08-24 19:30:00,2026-08-25 16:30:00,Pending,Assam,Cachar,Silchar,781104,Blue Dart / DHL,E-Commerce Consumer Electronics,4.59,38148.17,Light Commercial Pickup Truck (Bolero / Ace),Out for Delivery (Delayed),Prepaid (Digital/UPI),Pending,None,18.4,N/A
DEL-NER-2026-000285,2026-08-24 19:30:00,2026-08-24 23:30:00,2026-08-24 23:30:00,Assam,Sonitpur,Tezpur,781570,India Post (Speed Post),Essential Medicines & Medical Supplies,3.07,1868.5,Two-Wheeler / Bike Express,Delivered Successfully,Cash on Delivery (COD),Verified,None,21.5,4.5
DEL-NER-2026-000111,2026-08-24 19:30:00,2026-08-26 04:30:00,Pending,Arunachal Pradesh,Tawang,Tawang,791928,Blue Dart / DHL,Essential Medicines & Medical Supplies,2.37,13734.33,Light Commercial Pickup Truck (Bolero / Ace),Out for Delivery (Delayed),Cash on Delivery (COD),Pending,None,31.2,N/A
DEL-NER-2026-000002,2026-08-24 19:30:00,2026-08-26 05:30:00,Pending,Assam,Kamrup Metropolitan,Guwahati,781301,ExpressBees,E-Commerce Consumer Electronics,7.64,5510.94,Light Commercial Pickup Truck (Bolero / Ace),Out for Delivery (On-Time),Cash on Delivery (COD),Pending,None,29.6,N/A
DEL-NER-2026-000296,2026-08-24 19:30:00,2026-08-25 07:30:00,Pending,Assam,Cachar,Silchar,781913,Flipkart Ekart,Government / Official Documents,0.21,1895.46,Light Commercial Pickup Truck (Bolero / Ace),In Transit - Hub to Hub,Prepaid (Digital/UPI),N/A,None,2.6,N/A
DEL-NER-2026-000160,2026-08-24 19:30:00,2026-08-25 03:30:00,Pending,Arunachal Pradesh,East Siang,Pasighat,791108,Shadowfax,Government / Official Documents,0.54,3140.05,Two-Wheeler / Bike Express,Out for Delivery (On-Time),Pay on Delivery (UPI QR),Pending,None,21.9,N/A
DEL-NER-2026-000168,2026-08-24 19:30:00,2026-08-25 09:30:00,Pending,Mizoram,Lunglei,Lunglei,796673,ExpressBees,Auto Spare Parts & Industrial Tools,3.53,18986.47,Light Commercial Pickup Truck (Bolero / Ace),Out for Delivery (On-Time),Prepaid (Digital/UPI),Pending,None,5.6,N/A
DEL-NER-2026-000136,2026-08-24 19:30:00,2026-08-26 04:30:00,Pending,Nagaland,Kohima,Kohima,797946,Amazon Logistics (NER),Handicrafts & Organic NE Produce (Outbound),13.13,11682.28,Two-Wheeler / Bike Express,Delayed - Weather / Heavy Rainfall,Prepaid (Digital/UPI),N/A,Heavy Rain / Inundation,15.5,N/A
DEL-NER-2026-000152,2026-08-24 19:30:00,2026-08-25 11:30:00,Pending,Assam,Jorhat,Jorhat,781664,DTDC Express,Government / Official Documents,1.23,3918.73,Light Commercial Pickup Truck (Bolero / Ace),Out for Delivery (On-Time),Prepaid (Digital/UPI),Pending,None,27.7,N/A
DEL-NER-2026-000204,2026-08-24 19:30:00,2026-08-25 12:30:00,Pending,Mizoram,Lunglei,Lunglei,796448,Delhivery,Apparel & Fashion,2.12,2088.05,Light Commercial Pickup Truck (Bolero / Ace),Out for Delivery (Delayed),Prepaid (Digital/UPI),Pending,None,22.7,N/A
DEL-NER-2026-000428,2026-08-24 19:30:00,2026-08-25 17:30:00,Pending,Sikkim,South Sikkim,Namchi,737294,Amazon Logistics (NER),Essential Medicines & Medical Supplies,3.58,5008.78,Drone Delivery (Medicines/High Altitude),Delayed - Landslide / Road Blockade,Cash on Delivery (COD),N/A,Landslide / Highway Blockade,26.7,N/A
DEL-NER-2026-000043,2026-08-24 18:30:00,2026-08-25 23:30:00,Pending,Assam,Cachar,Silchar,781564,Blue Dart / DHL,E-Commerce Consumer Electronics,6.96,62013.61,Light Commercial Pickup Truck (Bolero / Ace),Out for Delivery (Delayed),Prepaid (Digital/UPI),Pending,None,13.8,N/A
DEL-NER-2026-000250,2026-08-24 18:30:00,2026-08-25 02:30:00,2026-08-25 02:30:00,Arunachal Pradesh,East Siang,Pasighat,791624,Amazon Logistics (NER),Apparel & Fashion,0.95,4402.72,Light Commercial Pickup Truck (Bolero / Ace),Delivered Successfully,Prepaid (Digital/UPI),Verified,None,7.9,3.9
DEL-NER-2026-000072,2026-08-24 18:30:00,2026-08-26 02:30:00,Pending,Assam,Sonitpur,Tezpur,781823,Flipkart Ekart,Apparel & Fashion,0.41,528.47,Two-Wheeler / Bike Express,Delayed - Landslide / Road Blockade,Prepaid (Digital/UPI),N/A,Landslide / Highway Blockade,15.1,N/A
DEL-NER-2026-000174,2026-08-24 18:30:00,2026-08-25 03:30:00,Pending,Sikkim,East Sikkim,Gangtok,737326,Shadowfax,E-Commerce Consumer Electronics,6.05,41687.92,Electric Cargo 3-Wheeler,Held at Hub - Inner Line Permit / Customs Check,Cash on Delivery (COD),N/A,Inner Line Permit Verification,22.8,N/A
DEL-NER-2026-000100,2026-08-24 18:30:00,2026-08-26 04:30:00,Pending,Assam,Sonitpur,Tezpur,781837,Amazon Logistics (NER),Handicrafts & Organic NE Produce (Outbound),7.66,12725.09,Light Commercial Pickup Truck (Bolero / Ace),Out for Delivery (On-Time),Prepaid (Digital/UPI),Pending,None,28.8,N/A
DEL-NER-2026-000080,2026-08-24 18:30:00,2026-08-25 03:30:00,Pending,Nagaland,Kohima,Kohima,797718,India Post (Speed Post),Apparel & Fashion,2.43,2869.57,Two-Wheeler / Bike Express,Out for Delivery (On-Time),Cash on Delivery (COD),Pending,None,13.2,N/A
DEL-NER-2026-000326,2026-08-24 17:30:00,2026-08-26 04:30:00,Pending,Meghalaya,West Garo Hills,Tura,793208,Shadowfax,E-Commerce Consumer Electronics,3.04,43935.01,Foot Courier (Hill Stairs / Remote Village),In Transit - Hub to Hub,Pay on Delivery (UPI QR),N/A,None,24.1,N/A
DEL-NER-2026-000485,2026-08-24 17:30:00,2026-08-25 02:30:00,Pending,Sikkim,South Sikkim,Namchi,737872,Blue Dart / DHL,Auto Spare Parts & Industrial Tools,16.63,20108.26,Light Commercial Pickup Truck (Bolero / Ace),Delivery Attempted - Recipient Unavailable,Prepaid (Digital/UPI),N/A,None,14.9,N/A
DEL-NER-2026-000203,2026-08-24 17:30:00,2026-08-26 01:30:00,Pending,Arunachal Pradesh,Papum Pare,Itanagar,791477,Blue Dart / DHL,Handicrafts & Organic NE Produce (Outbound),6.82,7479.01,Electric Cargo 3-Wheeler,Out for Delivery (On-Time),Prepaid (Digital/UPI),Pending,None,26.1,N/A
DEL-NER-2026-000267,2026-08-24 17:30:00,2026-08-26 00:30:00,Pending,Arunachal Pradesh,Tawang,Tawang,791762,Shadowfax,Essential Medicines & Medical Supplies,1.63,8083.33,Light Commercial Pickup Truck (Bolero / Ace),Delayed - Landslide / Road Blockade,Prepaid (Digital/UPI),N/A,Landslide / Highway Blockade,16.2,N/A
DEL-NER-2026-000384,2026-08-24 17:30:00,2026-08-25 03:30:00,Pending,Tripura,West Tripura,Agartala,799616,DTDC Express,Essential Medicines & Medical Supplies,3.93,8896.62,Two-Wheeler / Bike Express,Out for Delivery (On-Time),Pay on Delivery (UPI QR),Pending,None,20.9,N/A
DEL-NER-2026-000394,2026-08-24 17:30:00,2026-08-25 22:30:00,Pending,Assam,Dibrugarh,Dibrugarh,781562,Delhivery,FMCG & Groceries,7.95,12931.24,Light Commercial Pickup Truck (Bolero / Ace),Out for Delivery (Delayed),Prepaid (Digital/UPI),Pending,None,16.0,N/A
DEL-NER-2026-000448,2026-08-24 16:30:00,2026-08-24 22:30:00,2026-08-24 22:30:00,Assam,Sonitpur,Tezpur,781729,DTDC Express,E-Commerce Consumer Electronics,5.9,7906.44,Light Commercial Pickup Truck (Bolero / Ace),Delivered Successfully,Cash on Delivery (COD),Verified,None,29.6,4.4
DEL-NER-2026-000268,2026-08-24 16:30:00,2026-08-25 13:30:00,Pending,Nagaland,Dimapur,Dimapur,797136,ExpressBees,Apparel & Fashion,2.18,969.09,Two-Wheeler / Bike Express,Out for Delivery (On-Time),Prepaid (Digital/UPI),Pending,None,30.3,N/A
DEL-NER-2026-000208,2026-08-24 16:30:00,2026-08-25 04:30:00,Pending,Assam,Sonitpur,Tezpur,781451,Flipkart Ekart,Handicrafts & Organic NE Produce (Outbound),8.88,15719.73,Light Commercial Pickup Truck (Bolero / Ace),Delivery Attempted - Recipient Unavailable,Pay on Delivery (UPI QR),N/A,None,11.6,N/A
DEL-NER-2026-000449,2026-08-24 16:30:00,2026-08-26 01:30:00,Pending,Assam,Dibrugarh,Dibrugarh,781901,Delhivery,Apparel & Fashion,1.01,1707.82,Two-Wheeler / Bike Express,Delayed - Weather / Heavy Rainfall,Prepaid (Digital/UPI),N/A,Heavy Rain / Inundation,12.6,N/A
DEL-NER-2026-000300,2026-08-24 16:30:00,2026-08-25 08:30:00,Pending,Arunachal Pradesh,Papum Pare,Itanagar,791611,DTDC Express,E-Commerce Consumer Electronics,4.88,57607.83,Two-Wheeler / Bike Express,Out for Delivery (On-Time),Prepaid (Digital/UPI),Pending,None,1.4,N/A
DEL-NER-2026-000311,2026-08-24 16:30:00,2026-08-25 01:30:00,Pending,Arunachal Pradesh,Papum Pare,Itanagar,791697,Shadowfax,Handicrafts & Organic NE Produce (Outbound),7.89,8948.47,Two-Wheeler / Bike Express,Out for Delivery (Delayed),Pay on Delivery (UPI QR),Pending,None,6.6,N/A
DEL-NER-2026-000207,2026-08-24 16:30:00,2026-08-25 03:30:00,Pending,Sikkim,East Sikkim,Gangtok,737520,Flipkart Ekart,Auto Spare Parts & Industrial Tools,24.4,9017.24,Light Commercial Pickup Truck (Bolero / Ace),Out for Delivery (On-Time),Pay on Delivery (UPI QR),Pending,None,27.5,N/A
DEL-NER-2026-000299,2026-08-24 16:30:00,2026-08-25 11:30:00,Pending,Manipur,Churachandpur,Churachandpur,795461,DTDC Express,Auto Spare Parts & Industrial Tools,12.14,8991.84,Light Commercial Pickup Truck (Bolero / Ace),Out for Delivery (On-Time),Cash on Delivery (COD),Pending,None,6.7,N/A
DEL-NER-2026-000364,2026-08-24 16:30:00,2026-08-25 15:30:00,Pending,Assam,Cachar,Silchar,781808,Shadowfax,FMCG & Groceries,19.32,4073.73,Light Commercial Pickup Truck (Bolero / Ace),Delivery Attempted - Recipient Unavailable,Prepaid (Digital/UPI),N/A,None,27.4,N/A
DEL-NER-2026-000011,2026-08-24 16:30:00,2026-08-25 19:30:00,Pending,Nagaland,Dimapur,Dimapur,797694,ExpressBees,Essential Medicines & Medical Supplies,3.74,6950.55,Foot Courier (Hill Stairs / Remote Village),Out for Delivery (On-Time),Pay on Delivery (UPI QR),Pending,None,19.4,N/A
DEL-NER-2026-000242,2026-08-24 16:30:00,2026-08-25 14:30:00,Pending,Manipur,Imphal West,Imphal,795836,India Post (Speed Post),Auto Spare Parts & Industrial Tools,7.04,20078.7,Two-Wheeler / Bike Express,In Transit - Hub to Hub,Cash on Delivery (COD),N/A,None,15.7,N/A
DEL-NER-2026-000013,2026-08-24 16:30:00,2026-08-25 13:30:00,Pending,Sikkim,South Sikkim,Namchi,737571,Amazon Logistics (NER),Handicrafts & Organic NE Produce (Outbound),12.25,12060.58,Two-Wheeler / Bike Express,Out for Delivery (On-Time),Pay on Delivery (UPI QR),Pending,None,8.5,N/A
DEL-NER-2026-000336,2026-08-24 16:30:00,2026-08-25 06:30:00,Pending,Arunachal Pradesh,Papum Pare,Itanagar,791931,Shadowfax,Government / Official Documents,0.91,3689.96,Electric Cargo 3-Wheeler,Delayed - Weather / Heavy Rainfall,Pay on Delivery (UPI QR),N/A,Heavy Rain / Inundation,30.2,N/A
DEL-NER-2026-000421,2026-08-24 15:30:00,2026-08-24 17:30:00,2026-08-24 17:30:00,Mizoram,Aizawl,Aizawl,796314,Amazon Logistics (NER),Government / Official Documents,0.86,1806.56,Two-Wheeler / Bike Express,Delivered Successfully,Prepaid (Digital/UPI),Verified,None,3.1,3.6
DEL-NER-2026-000354,2026-08-24 15:30:00,2026-08-25 01:30:00,Pending,Meghalaya,West Garo Hills,Tura,793323,Amazon Logistics (NER),Auto Spare Parts & Industrial Tools,19.33,11309.27,Two-Wheeler / Bike Express,Out for Delivery (Delayed),Prepaid (Digital/UPI),Pending,None,2.5,N/A
DEL-NER-2026-000420,2026-08-24 15:30:00,2026-08-25 21:30:00,Pending,Manipur,Imphal West,Imphal,795895,India Post (Speed Post),Government / Official Documents,1.54,3249.34,Two-Wheeler / Bike Express,In Transit - Hub to Hub,Cash on Delivery (COD),N/A,None,27.1,N/A
DEL-NER-2026-000057,2026-08-24 15:30:00,2026-08-25 16:30:00,Pending,Assam,Kamrup Metropolitan,Guwahati,781287,India Post (Speed Post),Apparel & Fashion,1.73,1032.46,Light Commercial Pickup Truck (Bolero / Ace),Out for Delivery (On-Time),Cash on Delivery (COD),Pending,None,16.7,N/A
DEL-NER-2026-000324,2026-08-24 15:30:00,2026-08-26 02:30:00,Pending,Arunachal Pradesh,East Siang,Pasighat,791640,Shadowfax,Government / Official Documents,1.12,1203.81,Light Commercial Pickup Truck (Bolero / Ace),Out for Delivery (On-Time),Pay on Delivery (UPI QR),Pending,None,6.6,N/A
DEL-NER-2026-000319,2026-08-24 15:30:00,2026-08-25 20:30:00,Pending,Sikkim,South Sikkim,Namchi,737839,Blue Dart / DHL,Auto Spare Parts & Industrial Tools,1.79,20204.19,Light Commercial Pickup Truck (Bolero / Ace),Out for Delivery (On-Time),Prepaid (Digital/UPI),Pending,None,18.7,N/A
DEL-NER-2026-000169,2026-08-24 15:30:00,2026-08-25 06:30:00,Pending,Sikkim,East Sikkim,Gangtok,737472,Flipkart Ekart,Government / Official Documents,1.08,2632.53,Electric Cargo 3-Wheeler,In Transit - Hub to Hub,Prepaid (Digital/UPI),N/A,None,23.6,N/A
DEL-NER-2026-000007,2026-08-24 15:30:00,2026-08-24 20:30:00,2026-08-24 20:30:00,Assam,Jorhat,Jorhat,781439,Shadowfax,Essential Medicines & Medical Supplies,2.91,12084.5,Light Commercial Pickup Truck (Bolero / Ace),Delivered Successfully,Prepaid (Digital/UPI),Verified,None,29.2,3.8
DEL-NER-2026-000273,2026-08-24 15:30:00,2026-08-25 12:30:00,Pending,Arunachal Pradesh,Tawang,Tawang,791510,Delhivery,E-Commerce Consumer Electronics,1.23,51844.22,Foot Courier (Hill Stairs / Remote Village),In Transit - Hub to Hub,Prepaid (Digital/UPI),N/A,None,22.7,N/A
DEL-NER-2026-000345,2026-08-24 15:30:00,2026-08-25 04:30:00,Pending,Mizoram,Lunglei,Lunglei,796785,Blue Dart / DHL,FMCG & Groceries,15.85,19396.89,Light Commercial Pickup Truck (Bolero / Ace),Held at Hub - Inner Line Permit / Customs Check,Cash on Delivery (COD),N/A,Inner Line Permit Verification,7.6,N/A
DEL-NER-2026-000102,2026-08-24 15:30:00,2026-08-24 23:30:00,2026-08-24 23:30:00,Sikkim,South Sikkim,Namchi,737151,India Post (Speed Post),Handicrafts & Organic NE Produce (Outbound),11.12,5816.0,Light Commercial Pickup Truck (Bolero / Ace),Delivered Successfully,Pay on Delivery (UPI QR),Verified,None,22.4,4.1
DEL-NER-2026-000038,2026-08-24 15:30:00,2026-08-24 23:30:00,Pending,Manipur,Churachandpur,Churachandpur,795724,DTDC Express,Handicrafts & Organic NE Produce (Outbound),2.84,8299.07,Two-Wheeler / Bike Express,Out for Delivery (On-Time),Cash on Delivery (COD),Pending,None,15.5,N/A
DEL-NER-2026-000365,2026-08-24 15:30:00,2026-08-25 04:30:00,Pending,Arunachal Pradesh,Tawang,Tawang,791580,Delhivery,Auto Spare Parts & Industrial Tools,20.71,14929.59,Two-Wheeler / Bike Express,Out for Delivery (On-Time),Pay on Delivery (UPI QR),Pending,None,27.7,N/A
DEL-NER-2026-000339,2026-08-24 14:30:00,2026-08-25 07:30:00,Pending,Meghalaya,West Garo Hills,Tura,793303,DTDC Express,Essential Medicines & Medical Supplies,1.83,13800.21,Light Commercial Pickup Truck (Bolero / Ace),Out for Delivery (Delayed),Pay on Delivery (UPI QR),Pending,None,15.8,N/A
DEL-NER-2026-000253,2026-08-24 14:30:00,2026-08-25 23:30:00,Pending,Tripura,Gomati,Udaipur,799752,Delhivery,FMCG & Groceries,4.58,9648.97,Two-Wheeler / Bike Express,In Transit - Hub to Hub,Prepaid (Digital/UPI),N/A,None,28.8,N/A
DEL-NER-2026-000355,2026-08-24 14:30:00,2026-08-25 04:30:00,Pending,Assam,Sonitpur,Tezpur,781158,DTDC Express,E-Commerce Consumer Electronics,8.4,4309.8,Two-Wheeler / Bike Express,Delivery Attempted - Recipient Unavailable,Cash on Delivery (COD),N/A,None,18.5,N/A
DEL-NER-2026-000322,2026-08-24 14:30:00,2026-08-24 21:30:00,2026-08-24 21:30:00,Sikkim,South Sikkim,Namchi,737734,DTDC Express,Auto Spare Parts & Industrial Tools,3.6,13084.07,Light Commercial Pickup Truck (Bolero / Ace),Delivered Successfully,Cash on Delivery (COD),Verified,None,1.1,4.1
DEL-NER-2026-000181,2026-08-24 14:30:00,2026-08-25 22:30:00,Pending,Sikkim,East Sikkim,Gangtok,737536,Shadowfax,Essential Medicines & Medical Supplies,2.05,2545.94,Electric Cargo 3-Wheeler,In Transit - Hub to Hub,Pay on Delivery (UPI QR),N/A,None,23.9,N/A
DEL-NER-2026-000216,2026-08-24 14:30:00,2026-08-25 22:30:00,Pending,Assam,Dibrugarh,Dibrugarh,781411,India Post (Speed Post),Auto Spare Parts & Industrial Tools,24.74,8170.49,Two-Wheeler / Bike Express,Out for Delivery (Delayed),Prepaid (Digital/UPI),Pending,None,14.7,N/A
DEL-NER-2026-000373,2026-08-24 14:30:00,2026-08-25 00:30:00,Pending,Assam,Kamrup Metropolitan,Guwahati,781601,Flipkart Ekart,E-Commerce Consumer Electronics,6.18,6041.9,Two-Wheeler / Bike Express,Out for Delivery (On-Time),Cash on Delivery (COD),Pending,None,3.2,N/A
DEL-NER-2026-000124,2026-08-24 14:30:00,2026-08-24 19:30:00,2026-08-24 19:30:00,Tripura,West Tripura,Agartala,799318,Shadowfax,E-Commerce Consumer Electronics,7.33,53318.98,Light Commercial Pickup Truck (Bolero / Ace),Delivered Successfully,Cash on Delivery (COD),Verified,None,0.9,5.0
DEL-NER-2026-000146,2026-08-24 14:30:00,2026-08-25 19:30:00,Pending,Assam,Cachar,Silchar,781579,ExpressBees,Government / Official Documents,1.34,398.66,Two-Wheeler / Bike Express,Out for Delivery (On-Time),Cash on Delivery (COD),Pending,None,29.7,N/A
DEL-NER-2026-000147,2026-08-24 14:30:00,2026-08-25 15:30:00,Pending,Arunachal Pradesh,East Siang,Pasighat,791431,Shadowfax,Government / Official Documents,0.95,923.76,Two-Wheeler / Bike Express,In Transit - Hub to Hub,Cash on Delivery (COD),N/A,None,19.5,N/A
DEL-NER-2026-000399,2026-08-24 14:30:00,2026-08-25 07:30:00,Pending,Assam,Jorhat,Jorhat,781884,Shadowfax,Handicrafts & Organic NE Produce (Outbound),8.96,5164.23,Foot Courier (Hill Stairs / Remote Village),Out for Delivery (Delayed),Pay on Delivery (UPI QR),Pending,None,17.9,N/A
DEL-NER-2026-000397,2026-08-24 14:30:00,2026-08-25 17:30:00,Pending,Sikkim,East Sikkim,Gangtok,737955,Amazon Logistics (NER),E-Commerce Consumer Electronics,1.1,58932.62,Two-Wheeler / Bike Express,Out for Delivery (On-Time),Cash on Delivery (COD),Pending,None,22.6,N/A
DEL-NER-2026-000104,2026-08-24 14:30:00,2026-08-25 12:30:00,Pending,Arunachal Pradesh,Papum Pare,Itanagar,791372,Flipkart Ekart,Government / Official Documents,1.01,395.01,Light Commercial Pickup Truck (Bolero / Ace),In Transit - Hub to Hub,Prepaid (Digital/UPI),N/A,None,30.7,N/A
DEL-NER-2026-000430,2026-08-24 14:30:00,2026-08-25 07:30:00,Pending,Meghalaya,West Garo Hills,Tura,793255,Delhivery,Handicrafts & Organic NE Produce (Outbound),11.81,19116.3,Two-Wheeler / Bike Express,In Transit - Hub to Hub,Prepaid (Digital/UPI),N/A,None,7.5,N/A
DEL-NER-2026-000055,2026-08-24 14:30:00,2026-08-25 05:30:00,Pending,Assam,Dibrugarh,Dibrugarh,781400,ExpressBees,Apparel & Fashion,2.5,2538.38,Two-Wheeler / Bike Express,Out for Delivery (On-Time),Pay on Delivery (UPI QR),Pending,None,27.5,N/A
DEL-NER-2026-000131,2026-08-24 14:30:00,2026-08-25 03:30:00,Pending,Arunachal Pradesh,East Siang,Pasighat,791399,Blue Dart / DHL,Handicrafts & Organic NE Produce (Outbound),15.92,14497.54,Light Commercial Pickup Truck (Bolero / Ace),In Transit - Hub to Hub,Prepaid (Digital/UPI),N/A,None,24.9,N/A
DEL-NER-2026-000481,2026-08-24 13:30:00,2026-08-25 21:30:00,Pending,Arunachal Pradesh,Tawang,Tawang,791155,Delhivery,E-Commerce Consumer Electronics,8.2,16805.03,Two-Wheeler / Bike Express,Out for Delivery (On-Time),Pay on Delivery (UPI QR),Pending,None,10.2,N/A
DEL-NER-2026-000178,2026-08-24 13:30:00,2026-08-25 23:30:00,Pending,Assam,Kamrup Metropolitan,Guwahati,781530,DTDC Express,E-Commerce Consumer Electronics,8.15,7712.69,Two-Wheeler / Bike Express,Out for Delivery (On-Time),Prepaid (Digital/UPI),Pending,None,20.8,N/A
DEL-NER-2026-000034,2026-08-24 13:30:00,2026-08-24 18:30:00,2026-08-24 18:30:00,Nagaland,Dimapur,Dimapur,797803,Shadowfax,Handicrafts & Organic NE Produce (Outbound),19.32,775.89,Light Commercial Pickup Truck (Bolero / Ace),Delivered Successfully,Cash on Delivery (COD),Verified,None,11.4,3.7
DEL-NER-2026-000137,2026-08-24 13:30:00,2026-08-25 09:30:00,Pending,Mizoram,Aizawl,Aizawl,796414,India Post (Speed Post),Essential Medicines & Medical Supplies,0.27,6330.15,Two-Wheeler / Bike Express,Out for Delivery (On-Time),Prepaid (Digital/UPI),Pending,None,13.7,N/A
DEL-NER-2026-000120,2026-08-24 13:30:00,2026-08-25 04:30:00,Pending,Assam,Dibrugarh,Dibrugarh,781983,India Post (Speed Post),Government / Official Documents,1.0,2752.92,Light Commercial Pickup Truck (Bolero / Ace),Out for Delivery (On-Time),Prepaid (Digital/UPI),Pending,None,27.1,N/A
DEL-NER-2026-000477,2026-08-24 13:30:00,2026-08-24 23:30:00,2026-08-24 23:30:00,Tripura,West Tripura,Agartala,799309,Flipkart Ekart,Essential Medicines & Medical Supplies,1.19,3535.9,Two-Wheeler / Bike Express,Delivered Successfully,Prepaid (Digital/UPI),Verified,None,20.8,4.4
DEL-NER-2026-000087,2026-08-24 13:30:00,2026-08-24 21:30:00,Pending,Meghalaya,East Khasi Hills,Shillong,793868,ExpressBees,Apparel & Fashion,1.12,2609.86,Two-Wheeler / Bike Express,In Transit - Hub to Hub,Pay on Delivery (UPI QR),N/A,None,9.0,N/A
DEL-NER-2026-000074,2026-08-24 13:30:00,2026-08-25 02:30:00,Pending,Assam,Jorhat,Jorhat,781314,DTDC Express,Government / Official Documents,1.49,3466.18,Light Commercial Pickup Truck (Bolero / Ace),Out for Delivery (On-Time),Cash on Delivery (COD),Pending,None,10.2,N/A
DEL-NER-2026-000150,2026-08-24 12:30:00,2026-08-25 17:30:00,Pending,Mizoram,Lunglei,Lunglei,796325,Delhivery,Handicrafts & Organic NE Produce (Outbound),21.47,5047.78,Light Commercial Pickup Truck (Bolero / Ace),In Transit - Hub to Hub,Prepaid (Digital/UPI),N/A,None,15.1,N/A
DEL-NER-2026-000474,2026-08-24 12:30:00,2026-08-24 16:30:00,2026-08-24 16:30:00,Mizoram,Lunglei,Lunglei,796839,DTDC Express,Apparel & Fashion,0.33,3091.29,Two-Wheeler / Bike Express,Delivered Successfully,Prepaid (Digital/UPI),Verified,None,23.5,4.5
DEL-NER-2026-000301,2026-08-24 12:30:00,2026-08-25 21:30:00,Pending,Tripura,West Tripura,Agartala,799773,ExpressBees,Government / Official Documents,1.78,3820.48,Two-Wheeler / Bike Express,Delayed - Weather / Heavy Rainfall,Pay on Delivery (UPI QR),N/A,Heavy Rain / Inundation,27.6,N/A
DEL-NER-2026-000159,2026-08-24 12:30:00,2026-08-25 10:30:00,Pending,Mizoram,Lunglei,Lunglei,796470,ExpressBees,FMCG & Groceries,2.31,8708.92,Light Commercial Pickup Truck (Bolero / Ace),Out for Delivery (Delayed),Cash on Delivery (COD),Pending,None,1.3,N/A
DEL-NER-2026-000067,2026-08-24 12:30:00,2026-08-25 11:30:00,Pending,Mizoram,Aizawl,Aizawl,796825,ExpressBees,Auto Spare Parts & Industrial Tools,13.47,20855.23,Two-Wheeler / Bike Express,Delayed - Weather / Heavy Rainfall,Prepaid (Digital/UPI),N/A,Heavy Rain / Inundation,20.9,N/A
DEL-NER-2026-000395,2026-08-24 12:30:00,2026-08-25 08:30:00,Pending,Nagaland,Kohima,Kohima,797779,India Post (Speed Post),Government / Official Documents,0.66,1385.43,Electric Cargo 3-Wheeler,Delayed - Weather / Heavy Rainfall,Prepaid (Digital/UPI),N/A,Heavy Rain / Inundation,4.2,N/A
DEL-NER-2026-000266,2026-08-24 12:30:00,2026-08-25 04:30:00,Pending,Arunachal Pradesh,Papum Pare,Itanagar,791914,India Post (Speed Post),Handicrafts & Organic NE Produce (Outbound),8.37,6706.26,Two-Wheeler / Bike Express,Out for Delivery (On-Time),Prepaid (Digital/UPI),Pending,None,4.0,N/A
DEL-NER-2026-000400,2026-08-24 12:30:00,2026-08-25 04:30:00,Pending,Assam,Sonitpur,Tezpur,781319,Delhivery,Handicrafts & Organic NE Produce (Outbound),23.61,15654.36,Light Commercial Pickup Truck (Bolero / Ace),Out for Delivery (On-Time),Prepaid (Digital/UPI),Pending,None,26.0,N/A
DEL-NER-2026-000344,2026-08-24 12:30:00,2026-08-25 16:30:00,Pending,Mizoram,Lunglei,Lunglei,796722,DTDC Express,Handicrafts & Organic NE Produce (Outbound),7.48,16364.38,Light Commercial Pickup Truck (Bolero / Ace),Delayed - Weather / Heavy Rainfall,Prepaid (Digital/UPI),N/A,Heavy Rain / Inundation,17.9,N/A
DEL-NER-2026-000295,2026-08-24 12:30:00,2026-08-25 05:30:00,Pending,Nagaland,Kohima,Kohima,797447,Flipkart Ekart,E-Commerce Consumer Electronics,7.94,47953.03,Electric Cargo 3-Wheeler,In Transit - Hub to Hub,Cash on Delivery (COD),N/A,None,1.2,N/A
DEL-NER-2026-000019,2026-08-24 12:30:00,2026-08-24 16:30:00,2026-08-24 16:30:00,Sikkim,East Sikkim,Gangtok,737104,Blue Dart / DHL,E-Commerce Consumer Electronics,8.43,8777.93,Two-Wheeler / Bike Express,Delivered Successfully,Prepaid (Digital/UPI),Verified,None,28.3,4.5
DEL-NER-2026-000312,2026-08-24 12:30:00,2026-08-25 23:30:00,Pending,Assam,Kamrup Metropolitan,Guwahati,781875,Delhivery,Auto Spare Parts & Industrial Tools,2.49,18728.9,Two-Wheeler / Bike Express,Out for Delivery (Delayed),Cash on Delivery (COD),Pending,None,18.6,N/A
DEL-NER-2026-000026,2026-08-24 12:30:00,2026-08-25 00:30:00,Pending,Arunachal Pradesh,Tawang,Tawang,791739,Amazon Logistics (NER),Essential Medicines & Medical Supplies,2.39,8164.86,Light Commercial Pickup Truck (Bolero / Ace),Out for Delivery (On-Time),Cash on Delivery (COD),Pending,None,13.2,N/A
DEL-NER-2026-000369,2026-08-24 12:30:00,2026-08-25 13:30:00,Pending,Manipur,Imphal West,Imphal,795330,Flipkart Ekart,Auto Spare Parts & Industrial Tools,1.78,13570.57,Electric Cargo 3-Wheeler,Delivery Attempted - Recipient Unavailable,Cash on Delivery (COD),N/A,None,29.4,N/A
DEL-NER-2026-000470,2026-08-24 12:30:00,2026-08-25 05:30:00,Pending,Nagaland,Kohima,Kohima,797689,Amazon Logistics (NER),Auto Spare Parts & Industrial Tools,20.94,8453.65,Two-Wheeler / Bike Express,Out for Delivery (On-Time),Prepaid (Digital/UPI),Pending,None,7.2,N/A
DEL-NER-2026-000075,2026-08-24 11:30:00,2026-08-24 18:30:00,2026-08-24 18:30:00,Assam,Cachar,Silchar,781182,Delhivery,Handicrafts & Organic NE Produce (Outbound),24.01,10898.68,Light Commercial Pickup Truck (Bolero / Ace),Delivered Successfully,Pay on Delivery (UPI QR),Verified,None,29.1,3.7
DEL-NER-2026-000368,2026-08-24 11:30:00,2026-08-24 20:30:00,Pending,Meghalaya,East Khasi Hills,Shillong,793158,ExpressBees,Auto Spare Parts & Industrial Tools,20.51,21957.52,Two-Wheeler / Bike Express,Held at Hub - Inner Line Permit / Customs Check,Prepaid (Digital/UPI),N/A,Inner Line Permit Verification,16.6,N/A
DEL-NER-2026-000331,2026-08-24 11:30:00,2026-08-24 19:30:00,Pending,Mizoram,Aizawl,Aizawl,796539,Blue Dart / DHL,FMCG & Groceries,7.17,16047.1,Electric Cargo 3-Wheeler,In Transit - Hub to Hub,Prepaid (Digital/UPI),N/A,None,15.2,N/A
DEL-NER-2026-000095,2026-08-24 11:30:00,2026-08-25 05:30:00,Pending,Manipur,Churachandpur,Churachandpur,795255,Shadowfax,Auto Spare Parts & Industrial Tools,2.38,9949.11,Two-Wheeler / Bike Express,Out for Delivery (On-Time),Cash on Delivery (COD),Pending,None,30.3,N/A
DEL-NER-2026-000206,2026-08-24 11:30:00,2026-08-24 18:30:00,2026-08-24 18:30:00,Nagaland,Dimapur,Dimapur,797747,Delhivery,Apparel & Fashion,1.78,4123.66,Light Commercial Pickup Truck (Bolero / Ace),Delivered Successfully,Pay on Delivery (UPI QR),Verified,None,3.9,4.6
DEL-NER-2026-000209,2026-08-24 11:30:00,2026-08-25 00:30:00,Pending,Assam,Dibrugarh,Dibrugarh,781937,Blue Dart / DHL,Auto Spare Parts & Industrial Tools,20.52,2988.27,Foot Courier (Hill Stairs / Remote Village),Out for Delivery (On-Time),Prepaid (Digital/UPI),Pending,None,2.5,N/A
DEL-NER-2026-000371,2026-08-24 11:30:00,2026-08-25 06:30:00,Pending,Assam,Sonitpur,Tezpur,781849,DTDC Express,Apparel & Fashion,0.18,4193.19,Two-Wheeler / Bike Express,In Transit - Hub to Hub,Pay on Delivery (UPI QR),N/A,None,7.9,N/A
DEL-NER-2026-000161,2026-08-24 11:30:00,2026-08-25 22:30:00,Pending,Assam,Sonitpur,Tezpur,781268,Delhivery,FMCG & Groceries,11.61,4287.41,Two-Wheeler / Bike Express,Out for Delivery (On-Time),Pay on Delivery (UPI QR),Pending,None,29.6,N/A
DEL-NER-2026-000115,2026-08-24 10:30:00,2026-08-24 21:30:00,2026-08-24 21:30:00,Sikkim,East Sikkim,Gangtok,737328,DTDC Express,Apparel & Fashion,1.56,1286.4,Two-Wheeler / Bike Express,Delivered Successfully,Prepaid (Digital/UPI),Verified,None,27.8,4.4
DEL-NER-2026-000278,2026-08-24 10:30:00,2026-08-24 12:30:00,2026-08-24 12:30:00,Nagaland,Kohima,Kohima,797269,Flipkart Ekart,Government / Official Documents,0.17,3412.81,Two-Wheeler / Bike Express,Delivered Successfully,Prepaid (Digital/UPI),Verified,None,11.0,4.2
DEL-NER-2026-000028,2026-08-24 10:30:00,2026-08-24 18:30:00,Pending,Assam,Cachar,Silchar,781138,Delhivery,E-Commerce Consumer Electronics,1.55,27808.1,Light Commercial Pickup Truck (Bolero / Ace),Out for Delivery (Delayed),Prepaid (Digital/UPI),Pending,None,29.6,N/A
DEL-NER-2026-000218,2026-08-24 10:30:00,2026-08-25 21:30:00,Pending,Assam,Dibrugarh,Dibrugarh,781375,Amazon Logistics (NER),E-Commerce Consumer Electronics,4.35,30060.35,Two-Wheeler / Bike Express,In Transit - Hub to Hub,Prepaid (Digital/UPI),N/A,None,17.8,N/A
DEL-NER-2026-000245,2026-08-24 10:30:00,2026-08-25 20:30:00,Pending,Sikkim,East Sikkim,Gangtok,737766,ExpressBees,Government / Official Documents,2.32,1497.54,Electric Cargo 3-Wheeler,Out for Delivery (Delayed),Cash on Delivery (COD),Pending,None,3.9,N/A
DEL-NER-2026-000135,2026-08-24 10:30:00,2026-08-25 06:30:00,Pending,Mizoram,Lunglei,Lunglei,796650,India Post (Speed Post),Essential Medicines & Medical Supplies,0.58,4578.86,Light Commercial Pickup Truck (Bolero / Ace),In Transit - Hub to Hub,Cash on Delivery (COD),N/A,None,31.3,N/A
DEL-NER-2026-000321,2026-08-24 10:30:00,2026-08-24 22:30:00,Pending,Meghalaya,East Khasi Hills,Shillong,793899,Shadowfax,Handicrafts & Organic NE Produce (Outbound),10.54,11543.15,Two-Wheeler / Bike Express,Delayed - Weather / Heavy Rainfall,Cash on Delivery (COD),N/A,Heavy Rain / Inundation,23.2,N/A
DEL-NER-2026-000388,2026-08-24 10:30:00,2026-08-25 07:30:00,Pending,Arunachal Pradesh,East Siang,Pasighat,791284,India Post (Speed Post),Essential Medicines & Medical Supplies,3.7,1272.52,Drone Delivery (Medicines/High Altitude),Out for Delivery (On-Time),Prepaid (Digital/UPI),Pending,None,15.6,N/A
DEL-NER-2026-000325,2026-08-24 10:30:00,2026-08-25 04:30:00,Pending,Tripura,Gomati,Udaipur,799921,Delhivery,Auto Spare Parts & Industrial Tools,15.54,6300.69,Foot Courier (Hill Stairs / Remote Village),Delivery Attempted - Recipient Unavailable,Cash on Delivery (COD),N/A,None,9.0,N/A
DEL-NER-2026-000427,2026-08-24 10:30:00,2026-08-24 16:30:00,2026-08-24 16:30:00,Mizoram,Aizawl,Aizawl,796840,Delhivery,FMCG & Groceries,24.19,21034.32,Light Commercial Pickup Truck (Bolero / Ace),Delivered Successfully,Cash on Delivery (COD),Verified,None,3.3,4.1
DEL-NER-2026-000252,2026-08-24 10:30:00,2026-08-25 05:30:00,Pending,Manipur,Churachandpur,Churachandpur,795442,Flipkart Ekart,Government / Official Documents,0.6,1261.53,Light Commercial Pickup Truck (Bolero / Ace),Out for Delivery (On-Time),Prepaid (Digital/UPI),Pending,None,13.0,N/A
DEL-NER-2026-000054,2026-08-24 10:30:00,2026-08-25 18:30:00,Pending,Nagaland,Kohima,Kohima,797689,Flipkart Ekart,E-Commerce Consumer Electronics,3.21,37973.79,Two-Wheeler / Bike Express,Out for Delivery (Delayed),Cash on Delivery (COD),Pending,None,27.2,N/A
DEL-NER-2026-000446,2026-08-24 10:30:00,2026-08-25 10:30:00,Pending,Sikkim,East Sikkim,Gangtok,737545,Delhivery,Government / Official Documents,2.29,973.73,Light Commercial Pickup Truck (Bolero / Ace),Out for Delivery (On-Time),Cash on Delivery (COD),Pending,None,22.1,N/A
DEL-NER-2026-000404,2026-08-24 10:30:00,2026-08-25 17:30:00,Pending,Nagaland,Dimapur,Dimapur,797754,Delhivery,Auto Spare Parts & Industrial Tools,12.66,14560.51,Two-Wheeler / Bike Express,In Transit - Hub to Hub,Cash on Delivery (COD),N/A,None,21.4,N/A
DEL-NER-2026-000290,2026-08-24 09:30:00,2026-08-25 17:30:00,Pending,Manipur,Churachandpur,Churachandpur,795420,Shadowfax,Auto Spare Parts & Industrial Tools,23.43,8036.21,Light Commercial Pickup Truck (Bolero / Ace),In Transit - Hub to Hub,Prepaid (Digital/UPI),N/A,None,22.1,N/A
DEL-NER-2026-000487,2026-08-24 09:30:00,2026-08-24 19:30:00,Pending,Assam,Kamrup Metropolitan,Guwahati,781401,Amazon Logistics (NER),Apparel & Fashion,0.4,2210.47,Light Commercial Pickup Truck (Bolero / Ace),Out for Delivery (On-Time),Prepaid (Digital/UPI),Pending,None,4.3,N/A
DEL-NER-2026-000391,2026-08-24 09:30:00,2026-08-25 07:30:00,Pending,Assam,Sonitpur,Tezpur,781763,Shadowfax,Auto Spare Parts & Industrial Tools,13.81,6763.53,Light Commercial Pickup Truck (Bolero / Ace),Out for Delivery (Delayed),Prepaid (Digital/UPI),Pending,None,19.5,N/A
DEL-NER-2026-000016,2026-08-24 09:30:00,2026-08-25 06:30:00,Pending,Mizoram,Aizawl,Aizawl,796263,Shadowfax,Auto Spare Parts & Industrial Tools,3.85,15993.95,Two-Wheeler / Bike Express,Held at Hub - Inner Line Permit / Customs Check,Prepaid (Digital/UPI),N/A,Inner Line Permit Verification,23.1,N/A
DEL-NER-2026-000009,2026-08-24 09:30:00,2026-08-25 03:30:00,Pending,Assam,Sonitpur,Tezpur,781493,Flipkart Ekart,Apparel & Fashion,1.88,4145.22,Light Commercial Pickup Truck (Bolero / Ace),Delivery Attempted - Recipient Unavailable,Prepaid (Digital/UPI),N/A,None,18.0,N/A
DEL-NER-2026-000297,2026-08-24 09:30:00,2026-08-25 03:30:00,Pending,Arunachal Pradesh,Papum Pare,Itanagar,791674,India Post (Speed Post),Government / Official Documents,0.19,3505.63,Two-Wheeler / Bike Express,Out for Delivery (On-Time),Cash on Delivery (COD),Pending,None,10.0,N/A
DEL-NER-2026-000334,2026-08-24 09:30:00,2026-08-24 19:30:00,Pending,Assam,Jorhat,Jorhat,781281,Amazon Logistics (NER),FMCG & Groceries,8.56,9436.26,Foot Courier (Hill Stairs / Remote Village),Delayed - Landslide / Road Blockade,Cash on Delivery (COD),N/A,Landslide / Highway Blockade,31.5,N/A
DEL-NER-2026-000425,2026-08-24 09:30:00,2026-08-25 09:30:00,Pending,Meghalaya,East Khasi Hills,Shillong,793315,Flipkart Ekart,E-Commerce Consumer Electronics,5.25,45096.29,Electric Cargo 3-Wheeler,Out for Delivery (Delayed),Pay on Delivery (UPI QR),Pending,None,16.8,N/A
DEL-NER-2026-000463,2026-08-24 09:30:00,2026-08-25 14:30:00,Pending,Assam,Dibrugarh,Dibrugarh,781177,Shadowfax,E-Commerce Consumer Electronics,7.27,44731.99,Foot Courier (Hill Stairs / Remote Village),Out for Delivery (On-Time),Cash on Delivery (COD),Pending,None,24.0,N/A
DEL-NER-2026-000435,2026-08-24 09:30:00,2026-08-24 22:30:00,Pending,Assam,Kamrup Metropolitan,Guwahati,781528,DTDC Express,E-Commerce Consumer Electronics,2.22,39097.91,Foot Courier (Hill Stairs / Remote Village),Out for Delivery (On-Time),Cash on Delivery (COD),Pending,None,26.2,N/A
DEL-NER-2026-000328,2026-08-24 09:30:00,2026-08-24 21:30:00,Pending,Arunachal Pradesh,Papum Pare,Itanagar,791480,DTDC Express,FMCG & Groceries,15.3,12059.1,Two-Wheeler / Bike Express,Out for Delivery (On-Time),Cash on Delivery (COD),Pending,None,21.3,N/A
DEL-NER-2026-000030,2026-08-24 09:30:00,2026-08-24 22:30:00,Pending,Arunachal Pradesh,Tawang,Tawang,791639,DTDC Express,Apparel & Fashion,0.24,3218.5,Light Commercial Pickup Truck (Bolero / Ace),In Transit - Hub to Hub,Prepaid (Digital/UPI),N/A,None,29.1,N/A
DEL-NER-2026-000048,2026-08-24 09:30:00,2026-08-24 23:30:00,Pending,Assam,Cachar,Silchar,781963,ExpressBees,Auto Spare Parts & Industrial Tools,1.56,18533.08,Two-Wheeler / Bike Express,In Transit - Hub to Hub,Pay on Delivery (UPI QR),N/A,None,3.5,N/A
DEL-NER-2026-000033,2026-08-24 09:30:00,2026-08-24 15:30:00,2026-08-24 15:30:00,Meghalaya,East Khasi Hills,Shillong,793545,Amazon Logistics (NER),Handicrafts & Organic NE Produce (Outbound),2.67,17049.62,Two-Wheeler / Bike Express,Delivered Successfully,Cash on Delivery (COD),Verified,None,21.0,4.5
DEL-NER-2026-000082,2026-08-24 09:30:00,2026-08-25 04:30:00,Pending,Sikkim,East Sikkim,Gangtok,737130,Flipkart Ekart,E-Commerce Consumer Electronics,7.95,39693.05,Two-Wheeler / Bike Express,Out for Delivery (On-Time),Pay on Delivery (UPI QR),Pending,None,15.9,N/A
DEL-NER-2026-000084,2026-08-24 09:30:00,2026-08-24 15:30:00,2026-08-24 15:30:00,Nagaland,Kohima,Kohima,797216,Flipkart Ekart,Apparel & Fashion,2.48,2999.13,Electric Cargo 3-Wheeler,Delivered Successfully,Cash on Delivery (COD),Verified,None,13.3,4.5
DEL-NER-2026-000175,2026-08-24 09:30:00,2026-08-25 07:30:00,Pending,Assam,Dibrugarh,Dibrugarh,781402,Blue Dart / DHL,Apparel & Fashion,2.05,3889.91,Light Commercial Pickup Truck (Bolero / Ace),In Transit - Hub to Hub,Cash on Delivery (COD),N/A,None,19.9,N/A
DEL-NER-2026-000272,2026-08-24 09:30:00,2026-08-25 09:30:00,Pending,Nagaland,Kohima,Kohima,797886,India Post (Speed Post),Auto Spare Parts & Industrial Tools,15.71,8586.74,Two-Wheeler / Bike Express,Out for Delivery (On-Time),Cash on Delivery (COD),Pending,None,6.8,N/A
DEL-NER-2026-000385,2026-08-24 08:30:00,2026-08-25 10:30:00,Pending,Sikkim,South Sikkim,Namchi,737958,Blue Dart / DHL,E-Commerce Consumer Electronics,0.67,63978.75,Two-Wheeler / Bike Express,In Transit - Hub to Hub,Prepaid (Digital/UPI),N/A,None,3.4,N/A
DEL-NER-2026-000165,2026-08-24 08:30:00,2026-08-24 17:30:00,2026-08-24 17:30:00,Assam,Dibrugarh,Dibrugarh,781934,Blue Dart / DHL,FMCG & Groceries,2.08,4995.77,Foot Courier (Hill Stairs / Remote Village),Delivered Successfully,Pay on Delivery (UPI QR),Verified,None,10.5,4.0
DEL-NER-2026-000182,2026-08-24 08:30:00,2026-08-24 22:30:00,Pending,Assam,Cachar,Silchar,781284,Flipkart Ekart,FMCG & Groceries,15.82,16239.45,Foot Courier (Hill Stairs / Remote Village),Out for Delivery (On-Time),Prepaid (Digital/UPI),Pending,None,27.2,N/A
DEL-NER-2026-000389,2026-08-24 08:30:00,2026-08-24 18:30:00,Pending,Mizoram,Lunglei,Lunglei,796174,Flipkart Ekart,E-Commerce Consumer Electronics,3.16,18640.35,Two-Wheeler / Bike Express,In Transit - Hub to Hub,Cash on Delivery (COD),N/A,None,11.7,N/A
DEL-NER-2026-000289,2026-08-24 08:30:00,2026-08-24 10:30:00,2026-08-24 10:30:00,Assam,Sonitpur,Tezpur,781570,Shadowfax,Essential Medicines & Medical Supplies,2.89,2797.3,Foot Courier (Hill Stairs / Remote Village),Delivered Successfully,Cash on Delivery (COD),Verified,None,28.0,4.2
DEL-NER-2026-000379,2026-08-24 08:30:00,2026-08-25 05:30:00,Pending,Tripura,Gomati,Udaipur,799412,DTDC Express,Handicrafts & Organic NE Produce (Outbound),23.02,14280.52,Two-Wheeler / Bike Express,Out for Delivery (On-Time),Cash on Delivery (COD),Pending,None,3.4,N/A
DEL-NER-2026-000220,2026-08-24 08:30:00,2026-08-25 08:30:00,Pending,Sikkim,South Sikkim,Namchi,737916,DTDC Express,E-Commerce Consumer Electronics,7.24,50603.83,Foot Courier (Hill Stairs / Remote Village),Out for Delivery (On-Time),Prepaid (Digital/UPI),Pending,None,1.9,N/A
DEL-NER-2026-000342,2026-08-24 08:30:00,2026-08-24 17:30:00,Pending,Sikkim,South Sikkim,Namchi,737255,Shadowfax,Apparel & Fashion,2.17,2936.35,Foot Courier (Hill Stairs / Remote Village),Out for Delivery (On-Time),Pay on Delivery (UPI QR),Pending,None,2.9,N/A
DEL-NER-2026-000341,2026-08-24 08:30:00,2026-08-25 06:30:00,Pending,Nagaland,Dimapur,Dimapur,797158,India Post (Speed Post),Handicrafts & Organic NE Produce (Outbound),16.96,6527.8,Foot Courier (Hill Stairs / Remote Village),Delivery Attempted - Recipient Unavailable,Prepaid (Digital/UPI),N/A,None,17.1,N/A
DEL-NER-2026-000239,2026-08-24 08:30:00,2026-08-25 15:30:00,Pending,Meghalaya,East Khasi Hills,Shillong,793831,ExpressBees,Essential Medicines & Medical Supplies,3.68,14593.6,Two-Wheeler / Bike Express,In Transit - Hub to Hub,Prepaid (Digital/UPI),N/A,None,3.5,N/A
DEL-NER-2026-000271,2026-08-24 08:30:00,2026-08-25 00:30:00,Pending,Tripura,West Tripura,Agartala,799459,India Post (Speed Post),Auto Spare Parts & Industrial Tools,17.32,14749.77,Two-Wheeler / Bike Express,Out for Delivery (Delayed),Prepaid (Digital/UPI),Pending,None,19.9,N/A
DEL-NER-2026-000244,2026-08-24 08:30:00,2026-08-25 15:30:00,Pending,Meghalaya,West Garo Hills,Tura,793890,Shadowfax,Apparel & Fashion,1.03,1158.4,Light Commercial Pickup Truck (Bolero / Ace),Out for Delivery (On-Time),Pay on Delivery (UPI QR),Pending,None,29.1,N/A
DEL-NER-2026-000123,2026-08-24 08:30:00,2026-08-24 22:30:00,Pending,Manipur,Churachandpur,Churachandpur,795599,Flipkart Ekart,Apparel & Fashion,0.8,1894.6,Light Commercial Pickup Truck (Bolero / Ace),Out for Delivery (On-Time),Prepaid (Digital/UPI),Pending,None,8.7,N/A
DEL-NER-2026-000303,2026-08-24 08:30:00,2026-08-25 01:30:00,Pending,Assam,Kamrup Metropolitan,Guwahati,781443,India Post (Speed Post),Essential Medicines & Medical Supplies,2.27,7500.73,Light Commercial Pickup Truck (Bolero / Ace),Out for Delivery (On-Time),Cash on Delivery (COD),Pending,None,12.6,N/A
DEL-NER-2026-000441,2026-08-24 08:30:00,2026-08-24 17:30:00,2026-08-24 17:30:00,Meghalaya,East Khasi Hills,Shillong,793589,Flipkart Ekart,E-Commerce Consumer Electronics,6.4,44883.58,Two-Wheeler / Bike Express,Delivered Successfully,Prepaid (Digital/UPI),Verified,None,14.7,3.8
DEL-NER-2026-000022,2026-08-24 07:30:00,2026-08-24 23:30:00,Pending,Arunachal Pradesh,Papum Pare,Itanagar,791920,Delhivery,Essential Medicines & Medical Supplies,2.96,1196.16,Two-Wheeler / Bike Express,Out for Delivery (On-Time),Pay on Delivery (UPI QR),Pending,None,21.9,N/A
DEL-NER-2026-000238,2026-08-24 07:30:00,2026-08-24 15:30:00,Pending,Arunachal Pradesh,East Siang,Pasighat,791450,ExpressBees,Essential Medicines & Medical Supplies,0.28,12821.25,Light Commercial Pickup Truck (Bolero / Ace),Out for Delivery (On-Time),Prepaid (Digital/UPI),Pending,None,14.5,N/A
DEL-NER-2026-000372,2026-08-24 07:30:00,2026-08-25 06:30:00,Pending,Arunachal Pradesh,Tawang,Tawang,791190,India Post (Speed Post),Handicrafts & Organic NE Produce (Outbound),1.12,19530.74,Two-Wheeler / Bike Express,In Transit - Hub to Hub,Prepaid (Digital/UPI),N/A,None,14.8,N/A
DEL-NER-2026-000491,2026-08-24 07:30:00,2026-08-24 16:30:00,2026-08-24 16:30:00,Manipur,Imphal West,Imphal,795488,Blue Dart / DHL,Government / Official Documents,1.9,3049.11,Two-Wheeler / Bike Express,Delivered Successfully,Prepaid (Digital/UPI),Verified,None,12.0,5.0
DEL-NER-2026-000201,2026-08-24 07:30:00,2026-08-25 14:30:00,Pending,Assam,Cachar,Silchar,781151,Flipkart Ekart,Handicrafts & Organic NE Produce (Outbound),10.54,9752.54,Two-Wheeler / Bike Express,Out for Delivery (Delayed),Prepaid (Digital/UPI),Pending,None,15.8,N/A
DEL-NER-2026-000260,2026-08-24 07:30:00,2026-08-25 01:30:00,Pending,Manipur,Imphal West,Imphal,795290,Flipkart Ekart,Government / Official Documents,1.79,3655.55,Electric Cargo 3-Wheeler,Out for Delivery (Delayed),Prepaid (Digital/UPI),Pending,None,27.6,N/A
DEL-NER-2026-000277,2026-08-24 07:30:00,2026-08-25 12:30:00,Pending,Arunachal Pradesh,Papum Pare,Itanagar,791689,India Post (Speed Post),Essential Medicines & Medical Supplies,1.71,10872.68,Two-Wheeler / Bike Express,Out for Delivery (Delayed),Cash on Delivery (COD),Pending,None,1.6,N/A
DEL-NER-2026-000461,2026-08-24 07:30:00,2026-08-25 09:30:00,Pending,Manipur,Churachandpur,Churachandpur,795841,DTDC Express,E-Commerce Consumer Electronics,1.78,44528.97,Light Commercial Pickup Truck (Bolero / Ace),Delivery Attempted - Recipient Unavailable,Cash on Delivery (COD),N/A,None,30.2,N/A
DEL-NER-2026-000443,2026-08-24 07:30:00,2026-08-25 06:30:00,Pending,Mizoram,Aizawl,Aizawl,796698,DTDC Express,Handicrafts & Organic NE Produce (Outbound),24.04,8373.44,Light Commercial Pickup Truck (Bolero / Ace),Out for Delivery (On-Time),Prepaid (Digital/UPI),Pending,None,8.7,N/A
DEL-NER-2026-000240,2026-08-24 07:30:00,2026-08-25 06:30:00,Pending,Assam,Sonitpur,Tezpur,781946,DTDC Express,Apparel & Fashion,2.24,2886.95,Two-Wheeler / Bike Express,Held at Hub - Inner Line Permit / Customs Check,Prepaid (Digital/UPI),N/A,Inner Line Permit Verification,1.2,N/A
DEL-NER-2026-000246,2026-08-24 06:30:00,2026-08-24 18:30:00,Pending,Mizoram,Aizawl,Aizawl,796498,DTDC Express,Essential Medicines & Medical Supplies,2.32,3546.68,Two-Wheeler / Bike Express,Out for Delivery (On-Time),Cash on Delivery (COD),Pending,None,26.7,N/A
DEL-NER-2026-000081,2026-08-24 06:30:00,2026-08-24 22:30:00,Pending,Assam,Kamrup Metropolitan,Guwahati,781141,Blue Dart / DHL,Government / Official Documents,0.55,3820.84,Two-Wheeler / Bike Express,Out for Delivery (On-Time),Pay on Delivery (UPI QR),Pending,None,16.3,N/A
DEL-NER-2026-000416,2026-08-24 06:30:00,2026-08-24 20:30:00,Pending,Tripura,Gomati,Udaipur,799844,Flipkart Ekart,Government / Official Documents,0.17,3311.71,Two-Wheeler / Bike Express,Out for Delivery (On-Time),Prepaid (Digital/UPI),Pending,None,7.2,N/A
DEL-NER-2026-000426,2026-08-24 06:30:00,2026-08-25 03:30:00,Pending,Assam,Cachar,Silchar,781573,India Post (Speed Post),FMCG & Groceries,6.78,1106.09,Light Commercial Pickup Truck (Bolero / Ace),Out for Delivery (On-Time),Prepaid (Digital/UPI),Pending,None,11.1,N/A
DEL-NER-2026-000471,2026-08-24 06:30:00,2026-08-24 19:30:00,Pending,Assam,Kamrup Metropolitan,Guwahati,781768,Shadowfax,Government / Official Documents,1.46,3153.79,Light Commercial Pickup Truck (Bolero / Ace),In Transit - Hub to Hub,Prepaid (Digital/UPI),N/A,None,31.3,N/A
DEL-NER-2026-000304,2026-08-24 06:30:00,2026-08-24 21:30:00,Pending,Sikkim,East Sikkim,Gangtok,737684,India Post (Speed Post),Auto Spare Parts & Industrial Tools,22.2,19748.5,Electric Cargo 3-Wheeler,Out for Delivery (On-Time),Cash on Delivery (COD),Pending,None,16.4,N/A
DEL-NER-2026-000458,2026-08-24 06:30:00,2026-08-25 12:30:00,Pending,Meghalaya,West Garo Hills,Tura,793143,Flipkart Ekart,Essential Medicines & Medical Supplies,2.77,8830.47,Foot Courier (Hill Stairs / Remote Village),In Transit - Hub to Hub,Prepaid (Digital/UPI),N/A,None,6.9,N/A
DEL-NER-2026-000429,2026-08-24 05:30:00,2026-08-24 11:30:00,2026-08-24 11:30:00,Assam,Jorhat,Jorhat,781981,Shadowfax,Apparel & Fashion,2.1,4169.98,Light Commercial Pickup Truck (Bolero / Ace),Delivered Successfully,Prepaid (Digital/UPI),Verified,None,29.2,3.6
DEL-NER-2026-000217,2026-08-24 05:30:00,2026-08-25 03:30:00,Pending,Mizoram,Lunglei,Lunglei,796223,India Post (Speed Post),Handicrafts & Organic NE Produce (Outbound),17.25,19991.48,Light Commercial Pickup Truck (Bolero / Ace),Out for Delivery (On-Time),Prepaid (Digital/UPI),Pending,None,17.0,N/A
DEL-NER-2026-000460,2026-08-24 05:30:00,2026-08-25 08:30:00,Pending,Sikkim,South Sikkim,Namchi,737721,ExpressBees,Government / Official Documents,1.81,2436.85,Two-Wheeler / Bike Express,Out for Delivery (On-Time),Cash on Delivery (COD),Pending,None,2.0,N/A
DEL-NER-2026-000378,2026-08-24 05:30:00,2026-08-25 06:30:00,Pending,Nagaland,Dimapur,Dimapur,797713,Shadowfax,Handicrafts & Organic NE Produce (Outbound),11.92,7696.29,Light Commercial Pickup Truck (Bolero / Ace),Out for Delivery (On-Time),Prepaid (Digital/UPI),Pending,None,11.3,N/A
DEL-NER-2026-000141,2026-08-24 05:30:00,2026-08-25 11:30:00,Pending,Manipur,Imphal West,Imphal,795471,Amazon Logistics (NER),Apparel & Fashion,1.31,943.07,Two-Wheeler / Bike Express,In Transit - Hub to Hub,Prepaid (Digital/UPI),N/A,None,30.1,N/A
DEL-NER-2026-000390,2026-08-24 05:30:00,2026-08-24 15:30:00,2026-08-24 15:30:00,Sikkim,East Sikkim,Gangtok,737854,India Post (Speed Post),Essential Medicines & Medical Supplies,0.73,879.02,Light Commercial Pickup Truck (Bolero / Ace),Delivered Successfully,Cash on Delivery (COD),Verified,None,22.2,4.9
DEL-NER-2026-000243,2026-08-24 05:30:00,2026-08-24 14:30:00,Pending,Nagaland,Kohima,Kohima,797134,Shadowfax,E-Commerce Consumer Electronics,1.89,40065.78,Light Commercial Pickup Truck (Bolero / Ace),In Transit - Hub to Hub,Prepaid (Digital/UPI),N/A,None,9.4,N/A
DEL-NER-2026-000012,2026-08-24 05:30:00,2026-08-25 06:30:00,Pending,Mizoram,Lunglei,Lunglei,796732,India Post (Speed Post),FMCG & Groceries,14.53,10711.29,Light Commercial Pickup Truck (Bolero / Ace),Delivery Attempted - Recipient Unavailable,Prepaid (Digital/UPI),N/A,None,5.6,N/A
DEL-NER-2026-000500,2026-08-24 05:30:00,2026-08-25 13:30:00,Pending,Meghalaya,West Garo Hills,Tura,793866,Amazon Logistics (NER),Apparel & Fashion,0.57,2716.69,Light Commercial Pickup Truck (Bolero / Ace),In Transit - Hub to Hub,Prepaid (Digital/UPI),N/A,None,27.0,N/A
DEL-NER-2026-000258,2026-08-24 05:30:00,2026-08-24 22:30:00,Pending,Assam,Cachar,Silchar,781487,Shadowfax,FMCG & Groceries,10.16,16428.28,Light Commercial Pickup Truck (Bolero / Ace),Out for Delivery (On-Time),Prepaid (Digital/UPI),Pending,None,1.4,N/A
DEL-NER-2026-000313,2026-08-24 05:30:00,2026-08-24 19:30:00,Pending,Sikkim,South Sikkim,Namchi,737984,ExpressBees,Apparel & Fashion,2.38,3647.68,Two-Wheeler / Bike Express,Out for Delivery (On-Time),Prepaid (Digital/UPI),Pending,None,5.3,N/A
DEL-NER-2026-000314,2026-08-24 05:30:00,2026-08-24 15:30:00,Pending,Tripura,Gomati,Udaipur,799939,Flipkart Ekart,Auto Spare Parts & Industrial Tools,1.17,18347.29,Foot Courier (Hill Stairs / Remote Village),In Transit - Hub to Hub,Prepaid (Digital/UPI),N/A,None,15.8,N/A
DEL-NER-2026-000442,2026-08-24 04:30:00,2026-08-25 15:30:00,Pending,Arunachal Pradesh,Tawang,Tawang,791413,DTDC Express,Handicrafts & Organic NE Produce (Outbound),16.75,2652.06,Light Commercial Pickup Truck (Bolero / Ace),Out for Delivery (On-Time),Prepaid (Digital/UPI),Pending,None,20.5,N/A
DEL-NER-2026-000480,2026-08-24 04:30:00,2026-08-25 14:30:00,Pending,Assam,Dibrugarh,Dibrugarh,781341,Delhivery,Apparel & Fashion,1.02,2770.05,Light Commercial Pickup Truck (Bolero / Ace),In Transit - Hub to Hub,Cash on Delivery (COD),N/A,None,31.7,N/A
DEL-NER-2026-000482,2026-08-24 04:30:00,2026-08-25 06:30:00,Pending,Meghalaya,West Garo Hills,Tura,793466,ExpressBees,Apparel & Fashion,2.16,489.96,Light Commercial Pickup Truck (Bolero / Ace),Out for Delivery (On-Time),Prepaid (Digital/UPI),Pending,None,5.6,N/A
DEL-NER-2026-000478,2026-08-24 04:30:00,2026-08-25 07:30:00,Pending,Manipur,Imphal West,Imphal,795235,ExpressBees,E-Commerce Consumer Electronics,8.1,18022.57,Two-Wheeler / Bike Express,Out for Delivery (On-Time),Cash on Delivery (COD),Pending,None,18.6,N/A
DEL-NER-2026-000119,2026-08-24 04:30:00,2026-08-24 14:30:00,Pending,Meghalaya,West Garo Hills,Tura,793621,Blue Dart / DHL,Essential Medicines & Medical Supplies,2.41,2913.59,Two-Wheeler / Bike Express,In Transit - Hub to Hub,Cash on Delivery (COD),N/A,None,10.0,N/A
DEL-NER-2026-000129,2026-08-24 04:30:00,2026-08-25 08:30:00,Pending,Meghalaya,East Khasi Hills,Shillong,793665,Delhivery,Government / Official Documents,2.48,1969.47,Two-Wheeler / Bike Express,Out for Delivery (On-Time),Cash on Delivery (COD),Pending,None,7.4,N/A
DEL-NER-2026-000227,2026-08-24 04:30:00,2026-08-25 12:30:00,Pending,Arunachal Pradesh,Tawang,Tawang,791448,Flipkart Ekart,Auto Spare Parts & Industrial Tools,18.92,1216.66,Light Commercial Pickup Truck (Bolero / Ace),Out for Delivery (On-Time),Prepaid (Digital/UPI),Pending,None,6.6,N/A
DEL-NER-2026-000112,2026-08-24 04:30:00,2026-08-24 14:30:00,Pending,Mizoram,Aizawl,Aizawl,796661,Amazon Logistics (NER),E-Commerce Consumer Electronics,1.1,2778.18,Two-Wheeler / Bike Express,Out for Delivery (On-Time),Prepaid (Digital/UPI),Pending,None,4.7,N/A
DEL-NER-2026-000401,2026-08-24 03:30:00,2026-08-25 08:30:00,Pending,Assam,Sonitpur,Tezpur,781845,Delhivery,FMCG & Groceries,13.23,6408.14,Foot Courier (Hill Stairs / Remote Village),Out for Delivery (Delayed),Pay on Delivery (UPI QR),Pending,None,4.2,N/A
DEL-NER-2026-000403,2026-08-24 03:30:00,2026-08-25 00:30:00,Pending,Arunachal Pradesh,East Siang,Pasighat,791238,India Post (Speed Post),E-Commerce Consumer Electronics,6.91,43964.12,Two-Wheeler / Bike Express,In Transit - Hub to Hub,Pay on Delivery (UPI QR),N/A,None,25.9,N/A
DEL-NER-2026-000109,2026-08-24 03:30:00,2026-08-24 18:30:00,Pending,Mizoram,Lunglei,Lunglei,796305,DTDC Express,E-Commerce Consumer Electronics,1.71,33273.73,Two-Wheeler / Bike Express,Out for Delivery (On-Time),Prepaid (Digital/UPI),Pending,None,17.1,N/A
DEL-NER-2026-000405,2026-08-24 03:30:00,2026-08-25 09:30:00,Pending,Manipur,Imphal West,Imphal,795272,Blue Dart / DHL,Auto Spare Parts & Industrial Tools,21.83,1961.38,Two-Wheeler / Bike Express,Delayed - Weather / Heavy Rainfall,Prepaid (Digital/UPI),N/A,Heavy Rain / Inundation,3.2,N/A
DEL-NER-2026-000069,2026-08-24 03:30:00,2026-08-24 17:30:00,Pending,Nagaland,Kohima,Kohima,797606,Amazon Logistics (NER),Apparel & Fashion,0.99,2954.05,Electric Cargo 3-Wheeler,In Transit - Hub to Hub,Prepaid (Digital/UPI),N/A,None,15.6,N/A
DEL-NER-2026-000061,2026-08-24 03:30:00,2026-08-24 10:30:00,2026-08-24 10:30:00,Nagaland,Dimapur,Dimapur,797997,Amazon Logistics (NER),E-Commerce Consumer Electronics,2.14,25969.3,Two-Wheeler / Bike Express,Delivered Successfully,Prepaid (Digital/UPI),Verified,None,13.5,4.9
DEL-NER-2026-000257,2026-08-24 03:30:00,2026-08-24 11:30:00,2026-08-24 11:30:00,Tripura,Gomati,Udaipur,799963,Amazon Logistics (NER),Handicrafts & Organic NE Produce (Outbound),20.49,12055.36,Foot Courier (Hill Stairs / Remote Village),Delivered Successfully,Prepaid (Digital/UPI),Verified,None,24.4,4.7
DEL-NER-2026-000437,2026-08-24 03:30:00,2026-08-24 17:30:00,Pending,Tripura,Gomati,Udaipur,799179,Delhivery,Handicrafts & Organic NE Produce (Outbound),19.13,5963.93,Two-Wheeler / Bike Express,Out for Delivery (On-Time),Pay on Delivery (UPI QR),Pending,None,31.5,N/A
DEL-NER-2026-000279,2026-08-24 03:30:00,2026-08-24 13:30:00,2026-08-24 13:30:00,Arunachal Pradesh,East Siang,Pasighat,791818,Blue Dart / DHL,FMCG & Groceries,4.62,1217.47,Light Commercial Pickup Truck (Bolero / Ace),Delivered Successfully,Prepaid (Digital/UPI),Verified,None,27.6,4.5
DEL-NER-2026-000172,2026-08-24 03:30:00,2026-08-25 03:30:00,Pending,Meghalaya,West Garo Hills,Tura,793776,Flipkart Ekart,Handicrafts & Organic NE Produce (Outbound),2.37,19963.58,Foot Courier (Hill Stairs / Remote Village),Out for Delivery (On-Time),Cash on Delivery (COD),Pending,None,22.7,N/A
DEL-NER-2026-000283,2026-08-24 03:30:00,2026-08-25 00:30:00,Pending,Sikkim,South Sikkim,Namchi,737562,Blue Dart / DHL,Government / Official Documents,2.45,4455.9,Light Commercial Pickup Truck (Bolero / Ace),Delayed - Landslide / Road Blockade,Prepaid (Digital/UPI),N/A,Landslide / Highway Blockade,10.0,N/A
DEL-NER-2026-000349,2026-08-24 03:30:00,2026-08-24 23:30:00,Pending,Tripura,Gomati,Udaipur,799686,Flipkart Ekart,E-Commerce Consumer Electronics,3.42,41163.36,Two-Wheeler / Bike Express,In Transit - Hub to Hub,Cash on Delivery (COD),N/A,None,29.7,N/A
DEL-NER-2026-000049,2026-08-24 02:30:00,2026-08-24 07:30:00,2026-08-24 07:30:00,Assam,Jorhat,Jorhat,781256,Delhivery,Handicrafts & Organic NE Produce (Outbound),4.66,17803.3,Two-Wheeler / Bike Express,Delivered Successfully,Prepaid (Digital/UPI),Verified,None,26.7,4.3
DEL-NER-2026-000045,2026-08-24 02:30:00,2026-08-25 04:30:00,Pending,Manipur,Churachandpur,Churachandpur,795195,Delhivery,Handicrafts & Organic NE Produce (Outbound),15.35,5627.66,Two-Wheeler / Bike Express,Delayed - Weather / Heavy Rainfall,Cash on Delivery (COD),N/A,Heavy Rain / Inundation,6.6,N/A
DEL-NER-2026-000155,2026-08-24 02:30:00,2026-08-25 04:30:00,Pending,Assam,Cachar,Silchar,781107,DTDC Express,E-Commerce Consumer Electronics,4.84,33208.73,Foot Courier (Hill Stairs / Remote Village),Delayed - Weather / Heavy Rainfall,Cash on Delivery (COD),N/A,Heavy Rain / Inundation,7.8,N/A
DEL-NER-2026-000032,2026-08-24 02:30:00,2026-08-25 02:30:00,Pending,Mizoram,Lunglei,Lunglei,796762,Amazon Logistics (NER),FMCG & Groceries,16.34,2479.95,Two-Wheeler / Bike Express,Out for Delivery (On-Time),Prepaid (Digital/UPI),Pending,None,21.6,N/A
DEL-NER-2026-000098,2026-08-24 02:30:00,2026-08-25 06:30:00,Pending,Assam,Kamrup Metropolitan,Guwahati,781387,Amazon Logistics (NER),Apparel & Fashion,1.01,4278.89,Light Commercial Pickup Truck (Bolero / Ace),Delivery Attempted - Recipient Unavailable,Cash on Delivery (COD),N/A,None,27.3,N/A
DEL-NER-2026-000409,2026-08-24 02:30:00,2026-08-24 12:30:00,Pending,Sikkim,South Sikkim,Namchi,737422,Flipkart Ekart,E-Commerce Consumer Electronics,4.38,29539.05,Light Commercial Pickup Truck (Bolero / Ace),Delayed - Landslide / Road Blockade,Prepaid (Digital/UPI),N/A,Landslide / Highway Blockade,29.4,N/A
DEL-NER-2026-000398,2026-08-24 02:30:00,2026-08-25 01:30:00,Pending,Tripura,West Tripura,Agartala,799708,Flipkart Ekart,Government / Official Documents,1.15,1044.11,Two-Wheeler / Bike Express,Out for Delivery (On-Time),Pay on Delivery (UPI QR),Pending,None,5.2,N/A
DEL-NER-2026-000248,2026-08-24 02:30:00,2026-08-25 06:30:00,Pending,Arunachal Pradesh,East Siang,Pasighat,791514,India Post (Speed Post),Auto Spare Parts & Industrial Tools,7.44,17822.34,Light Commercial Pickup Truck (Bolero / Ace),Out for Delivery (On-Time),Prepaid (Digital/UPI),Pending,None,11.8,N/A
DEL-NER-2026-000468,2026-08-24 01:30:00,2026-08-24 04:30:00,2026-08-24 04:30:00,Assam,Kamrup Metropolitan,Guwahati,781614,India Post (Speed Post),Auto Spare Parts & Industrial Tools,21.44,6652.57,Light Commercial Pickup Truck (Bolero / Ace),Delivered Successfully,Prepaid (Digital/UPI),Verified,None,24.9,4.8
DEL-NER-2026-000053,2026-08-24 01:30:00,2026-08-24 07:30:00,2026-08-24 07:30:00,Arunachal Pradesh,Tawang,Tawang,791645,DTDC Express,Auto Spare Parts & Industrial Tools,4.5,21574.88,Light Commercial Pickup Truck (Bolero / Ace),Delivered Successfully,Cash on Delivery (COD),Verified,None,20.1,4.1
DEL-NER-2026-000307,2026-08-24 01:30:00,2026-08-25 06:30:00,Pending,Arunachal Pradesh,Papum Pare,Itanagar,791145,Amazon Logistics (NER),Auto Spare Parts & Industrial Tools,16.91,3685.06,Two-Wheeler / Bike Express,Out for Delivery (On-Time),Cash on Delivery (COD),Pending,None,4.1,N/A
DEL-NER-2026-000015,2026-08-24 01:30:00,2026-08-25 04:30:00,Pending,Assam,Kamrup Metropolitan,Guwahati,781210,DTDC Express,E-Commerce Consumer Electronics,1.72,54693.64,Light Commercial Pickup Truck (Bolero / Ace),Out for Delivery (On-Time),Prepaid (Digital/UPI),Pending,None,12.0,N/A
DEL-NER-2026-000092,2026-08-24 01:30:00,2026-08-24 23:30:00,Pending,Arunachal Pradesh,Papum Pare,Itanagar,791541,India Post (Speed Post),Essential Medicines & Medical Supplies,1.51,4237.5,Light Commercial Pickup Truck (Bolero / Ace),Out for Delivery (On-Time),Cash on Delivery (COD),Pending,None,26.5,N/A
DEL-NER-2026-000254,2026-08-24 01:30:00,2026-08-25 10:30:00,Pending,Assam,Dibrugarh,Dibrugarh,781716,Flipkart Ekart,Essential Medicines & Medical Supplies,2.79,12999.28,Two-Wheeler / Bike Express,Out for Delivery (On-Time),Cash on Delivery (COD),Pending,None,19.8,N/A
DEL-NER-2026-000114,2026-08-24 01:30:00,2026-08-24 13:30:00,Pending,Assam,Kamrup Metropolitan,Guwahati,781310,Blue Dart / DHL,Handicrafts & Organic NE Produce (Outbound),8.35,5374.31,Light Commercial Pickup Truck (Bolero / Ace),Delivery Attempted - Recipient Unavailable,Pay on Delivery (UPI QR),N/A,None,23.0,N/A
DEL-NER-2026-000287,2026-08-24 01:30:00,2026-08-25 10:30:00,Pending,Arunachal Pradesh,Tawang,Tawang,791152,Shadowfax,E-Commerce Consumer Electronics,6.35,7765.27,Light Commercial Pickup Truck (Bolero / Ace),Out for Delivery (On-Time),Cash on Delivery (COD),Pending,None,22.1,N/A
DEL-NER-2026-000262,2026-08-24 01:30:00,2026-08-24 09:30:00,Pending,Nagaland,Dimapur,Dimapur,797893,DTDC Express,Government / Official Documents,1.3,2392.81,Light Commercial Pickup Truck (Bolero / Ace),Out for Delivery (On-Time),Prepaid (Digital/UPI),Pending,None,22.9,N/A
DEL-NER-2026-000459,2026-08-24 01:30:00,2026-08-24 19:30:00,Pending,Assam,Sonitpur,Tezpur,781101,ExpressBees,Essential Medicines & Medical Supplies,0.98,6228.73,Light Commercial Pickup Truck (Bolero / Ace),Out for Delivery (On-Time),Prepaid (Digital/UPI),Pending,None,17.4,N/A
DEL-NER-2026-000499,2026-08-24 01:30:00,2026-08-25 01:30:00,Pending,Mizoram,Aizawl,Aizawl,796118,DTDC Express,Government / Official Documents,0.13,2871.92,Two-Wheeler / Bike Express,Held at Hub - Inner Line Permit / Customs Check,Pay on Delivery (UPI QR),N/A,Inner Line Permit Verification,3.2,N/A
DEL-NER-2026-000406,2026-08-24 01:30:00,2026-08-24 20:30:00,Pending,Arunachal Pradesh,Papum Pare,Itanagar,791440,Blue Dart / DHL,Apparel & Fashion,1.33,1224.43,Electric Cargo 3-Wheeler,In Transit - Hub to Hub,Pay on Delivery (UPI QR),N/A,None,18.7,N/A
DEL-NER-2026-000148,2026-08-24 01:30:00,2026-08-25 01:30:00,Pending,Tripura,Gomati,Udaipur,799521,Amazon Logistics (NER),FMCG & Groceries,13.65,14561.55,Foot Courier (Hill Stairs / Remote Village),Delayed - Landslide / Road Blockade,Cash on Delivery (COD),N/A,Landslide / Highway Blockade,20.2,N/A
DEL-NER-2026-000256,2026-08-24 01:30:00,2026-08-24 13:30:00,Pending,Nagaland,Kohima,Kohima,797648,India Post (Speed Post),Apparel & Fashion,1.05,329.4,Light Commercial Pickup Truck (Bolero / Ace),In Transit - Hub to Hub,Prepaid (Digital/UPI),N/A,None,3.9,N/A
DEL-NER-2026-000444,2026-08-24 01:30:00,2026-08-24 20:30:00,Pending,Assam,Dibrugarh,Dibrugarh,781820,Delhivery,Auto Spare Parts & Industrial Tools,12.82,20457.73,Two-Wheeler / Bike Express,In Transit - Hub to Hub,Prepaid (Digital/UPI),N/A,None,25.5,N/A
DEL-NER-2026-000066,2026-08-24 01:30:00,2026-08-24 09:30:00,2026-08-24 09:30:00,Manipur,Churachandpur,Churachandpur,795333,Blue Dart / DHL,Handicrafts & Organic NE Produce (Outbound),24.17,12822.03,Two-Wheeler / Bike Express,Delivered Successfully,Prepaid (Digital/UPI),Verified,None,19.5,4.8
DEL-NER-2026-000065,2026-08-24 01:30:00,2026-08-24 17:30:00,Pending,Tripura,West Tripura,Agartala,799122,India Post (Speed Post),Apparel & Fashion,1.9,1962.08,Electric Cargo 3-Wheeler,Out for Delivery (Delayed),Prepaid (Digital/UPI),Pending,None,24.7,N/A
DEL-NER-2026-000419,2026-08-24 00:30:00,2026-08-25 00:30:00,Pending,Manipur,Imphal West,Imphal,795964,Flipkart Ekart,E-Commerce Consumer Electronics,3.9,33540.33,Two-Wheeler / Bike Express,Delayed - Weather / Heavy Rainfall,Prepaid (Digital/UPI),N/A,Heavy Rain / Inundation,21.7,N/A
DEL-NER-2026-000327,2026-08-24 00:30:00,2026-08-24 07:30:00,2026-08-24 07:30:00,Tripura,West Tripura,Agartala,799251,Blue Dart / DHL,Apparel & Fashion,1.14,2351.0,Light Commercial Pickup Truck (Bolero / Ace),Delivered Successfully,Pay on Delivery (UPI QR),Verified,None,9.5,4.5
DEL-NER-2026-000077,2026-08-24 00:30:00,2026-08-25 07:30:00,Pending,Assam,Dibrugarh,Dibrugarh,781779,Amazon Logistics (NER),Handicrafts & Organic NE Produce (Outbound),17.28,1822.81,Two-Wheeler / Bike Express,Delayed - Landslide / Road Blockade,Prepaid (Digital/UPI),N/A,Landslide / Highway Blockade,21.5,N/A
DEL-NER-2026-000118,2026-08-24 00:30:00,2026-08-25 08:30:00,Pending,Assam,Dibrugarh,Dibrugarh,781172,DTDC Express,Essential Medicines & Medical Supplies,2.31,9657.58,Light Commercial Pickup Truck (Bolero / Ace),Out for Delivery (Delayed),Cash on Delivery (COD),Pending,None,12.8,N/A
DEL-NER-2026-000233,2026-08-24 00:30:00,2026-08-25 08:30:00,Pending,Sikkim,East Sikkim,Gangtok,737582,Flipkart Ekart,E-Commerce Consumer Electronics,2.99,52284.55,Electric Cargo 3-Wheeler,Delayed - Weather / Heavy Rainfall,Prepaid (Digital/UPI),N/A,Heavy Rain / Inundation,22.7,N/A
DEL-NER-2026-000211,2026-08-24 00:30:00,2026-08-24 13:30:00,Pending,Mizoram,Lunglei,Lunglei,796399,Blue Dart / DHL,E-Commerce Consumer Electronics,7.58,26643.25,Light Commercial Pickup Truck (Bolero / Ace),In Transit - Hub to Hub,Cash on Delivery (COD),N/A,None,19.4,N/A
DEL-NER-2026-000363,2026-08-24 00:30:00,2026-08-25 04:30:00,Pending,Assam,Cachar,Silchar,781608,DTDC Express,Essential Medicines & Medical Supplies,3.34,4484.28,Light Commercial Pickup Truck (Bolero / Ace),Out for Delivery (On-Time),Prepaid (Digital/UPI),Pending,None,23.7,N/A
DEL-NER-2026-000158,2026-08-24 00:30:00,2026-08-25 10:30:00,Pending,Sikkim,East Sikkim,Gangtok,737779,Flipkart Ekart,Essential Medicines & Medical Supplies,2.06,4997.08,Light Commercial Pickup Truck (Bolero / Ace),Out for Delivery (On-Time),Prepaid (Digital/UPI),Pending,None,22.5,N/A
DEL-NER-2026-000003,2026-08-24 00:30:00,2026-08-24 09:30:00,Pending,Arunachal Pradesh,Tawang,Tawang,791749,Flipkart Ekart,Auto Spare Parts & Industrial Tools,6.66,21287.61,Light Commercial Pickup Truck (Bolero / Ace),In Transit - Hub to Hub,Prepaid (Digital/UPI),N/A,None,22.1,N/A
DEL-NER-2026-000190,2026-08-24 00:30:00,2026-08-25 01:30:00,Pending,Tripura,West Tripura,Agartala,799922,Shadowfax,Auto Spare Parts & Industrial Tools,19.75,6932.53,Electric Cargo 3-Wheeler,In Transit - Hub to Hub,Cash on Delivery (COD),N/A,None,23.1,N/A
DEL-NER-2026-000089,2026-08-24 00:30:00,2026-08-24 13:30:00,Pending,Assam,Dibrugarh,Dibrugarh,781836,Shadowfax,Apparel & Fashion,2.15,1135.38,Light Commercial Pickup Truck (Bolero / Ace),Delayed - Weather / Heavy Rainfall,Prepaid (Digital/UPI),N/A,Heavy Rain / Inundation,29.1,N/A
DEL-NER-2026-000113,2026-08-24 00:30:00,2026-08-24 19:30:00,Pending,Manipur,Churachandpur,Churachandpur,795360,Blue Dart / DHL,FMCG & Groceries,11.63,6488.64,Two-Wheeler / Bike Express,In Transit - Hub to Hub,Pay on Delivery (UPI QR),N/A,None,20.7,N/A
DEL-NER-2026-000456,2026-08-24 00:30:00,2026-08-25 10:30:00,Pending,Tripura,West Tripura,Agartala,799157,Amazon Logistics (NER),Auto Spare Parts & Industrial Tools,19.26,2102.29,Electric Cargo 3-Wheeler,Out for Delivery (Delayed),Cash on Delivery (COD),Pending,None,26.0,N/A
DEL-NER-2026-000140,2026-08-24 00:30:00,2026-08-25 08:30:00,Pending,Meghalaya,East Khasi Hills,Shillong,793245,ExpressBees,Government / Official Documents,2.04,2057.89,Light Commercial Pickup Truck (Bolero / Ace),Held at Hub - Inner Line Permit / Customs Check,Prepaid (Digital/UPI),N/A,Inner Line Permit Verification,10.1,N/A
DEL-NER-2026-000153,2026-08-24 00:30:00,2026-08-24 21:30:00,Pending,Assam,Sonitpur,Tezpur,781367,Flipkart Ekart,Government / Official Documents,1.44,866.95,Foot Courier (Hill Stairs / Remote Village),Delivery Attempted - Recipient Unavailable,Prepaid (Digital/UPI),N/A,None,25.7,N/A
DEL-NER-2026-000318,2026-08-24 00:30:00,2026-08-24 19:30:00,Pending,Tripura,Gomati,Udaipur,799420,Blue Dart / DHL,Government / Official Documents,1.6,2913.77,Light Commercial Pickup Truck (Bolero / Ace),Delivery Attempted - Recipient Unavailable,Prepaid (Digital/UPI),N/A,None,5.7,N/A
DEL-NER-2026-000196,2026-08-24 00:30:00,2026-08-25 01:30:00,Pending,Nagaland,Dimapur,Dimapur,797109,DTDC Express,Handicrafts & Organic NE Produce (Outbound),4.07,12870.76,Foot Courier (Hill Stairs / Remote Village),Out for Delivery (Delayed),Cash on Delivery (COD),Pending,None,1.0,N/A
DEL-NER-2026-000151,2026-08-24 00:30:00,2026-08-24 08:30:00,Pending,Arunachal Pradesh,Tawang,Tawang,791523,DTDC Express,E-Commerce Consumer Electronics,4.58,49064.81,Two-Wheeler / Bike Express,Out for Delivery (On-Time),Prepaid (Digital/UPI),Pending,None,22.1,N/A
DEL-NER-2026-000281,2026-08-23 23:30:00,2026-08-24 11:30:00,Pending,Manipur,Imphal West,Imphal,795811,Delhivery,FMCG & Groceries,22.1,21831.11,Two-Wheeler / Bike Express,Out for Delivery (On-Time),Prepaid (Digital/UPI),Pending,None,19.9,N/A
DEL-NER-2026-000059,2026-08-23 23:30:00,2026-08-24 19:30:00,Pending,Nagaland,Kohima,Kohima,797651,Shadowfax,Government / Official Documents,1.93,2493.61,Electric Cargo 3-Wheeler,Out for Delivery (On-Time),Prepaid (Digital/UPI),Pending,None,30.1,N/A
DEL-NER-2026-000412,2026-08-23 23:30:00,2026-08-25 08:30:00,Pending,Assam,Kamrup Metropolitan,Guwahati,781151,Blue Dart / DHL,Auto Spare Parts & Industrial Tools,18.57,21553.03,Two-Wheeler / Bike Express,In Transit - Hub to Hub,Cash on Delivery (COD),N/A,None,30.3,N/A
DEL-NER-2026-000498,2026-08-23 23:30:00,2026-08-24 11:30:00,Pending,Assam,Cachar,Silchar,781669,Blue Dart / DHL,Government / Official Documents,1.06,1068.03,Light Commercial Pickup Truck (Bolero / Ace),In Transit - Hub to Hub,Cash on Delivery (COD),N/A,None,26.2,N/A
DEL-NER-2026-000438,2026-08-23 23:30:00,2026-08-24 22:30:00,Pending,Arunachal Pradesh,Tawang,Tawang,791178,Shadowfax,Handicrafts & Organic NE Produce (Outbound),24.07,11392.72,Two-Wheeler / Bike Express,Delayed - Landslide / Road Blockade,Prepaid (Digital/UPI),N/A,Landslide / Highway Blockade,30.2,N/A
DEL-NER-2026-000472,2026-08-23 23:30:00,2026-08-24 23:30:00,Pending,Mizoram,Lunglei,Lunglei,796468,Blue Dart / DHL,Apparel & Fashion,1.57,496.52,Foot Courier (Hill Stairs / Remote Village),Delivery Attempted - Recipient Unavailable,Prepaid (Digital/UPI),N/A,None,30.3,N/A
DEL-NER-2026-000006,2026-08-23 23:30:00,2026-08-24 21:30:00,Pending,Assam,Kamrup Metropolitan,Guwahati,781459,Blue Dart / DHL,FMCG & Groceries,11.98,1584.16,Foot Courier (Hill Stairs / Remote Village),Out for Delivery (On-Time),Prepaid (Digital/UPI),Pending,None,12.4,N/A
DEL-NER-2026-000396,2026-08-23 23:30:00,2026-08-24 15:30:00,Pending,Manipur,Imphal West,Imphal,795492,Shadowfax,Apparel & Fashion,1.2,2100.35,Light Commercial Pickup Truck (Bolero / Ace),In Transit - Hub to Hub,Prepaid (Digital/UPI),N/A,None,17.1,N/A
DEL-NER-2026-000121,2026-08-23 23:30:00,2026-08-24 23:30:00,Pending,Sikkim,South Sikkim,Namchi,737743,ExpressBees,Auto Spare Parts & Industrial Tools,16.72,7841.7,Two-Wheeler / Bike Express,Out for Delivery (Delayed),Cash on Delivery (COD),Pending,None,21.8,N/A
DEL-NER-2026-000050,2026-08-23 23:30:00,2026-08-24 07:30:00,Pending,Nagaland,Kohima,Kohima,797377,Amazon Logistics (NER),E-Commerce Consumer Electronics,4.2,30670.54,Two-Wheeler / Bike Express,In Transit - Hub to Hub,Pay on Delivery (UPI QR),N/A,None,25.8,N/A
DEL-NER-2026-000040,2026-08-23 23:30:00,2026-08-24 17:30:00,Pending,Assam,Jorhat,Jorhat,781941,Blue Dart / DHL,Apparel & Fashion,1.54,863.11,Light Commercial Pickup Truck (Bolero / Ace),In Transit - Hub to Hub,Cash on Delivery (COD),N/A,None,22.1,N/A
DEL-NER-2026-000316,2026-08-23 23:30:00,2026-08-24 18:30:00,Pending,Nagaland,Dimapur,Dimapur,797661,Delhivery,Handicrafts & Organic NE Produce (Outbound),23.3,9359.38,Foot Courier (Hill Stairs / Remote Village),Out for Delivery (On-Time),Prepaid (Digital/UPI),Pending,None,9.4,N/A
DEL-NER-2026-000261,2026-08-23 23:30:00,2026-08-24 08:30:00,Pending,Manipur,Churachandpur,Churachandpur,795844,Delhivery,Government / Official Documents,0.97,3680.99,Light Commercial Pickup Truck (Bolero / Ace),In Transit - Hub to Hub,Prepaid (Digital/UPI),N/A,None,29.6,N/A
DEL-NER-2026-000173,2026-08-23 23:30:00,2026-08-25 06:30:00,Pending,Assam,Jorhat,Jorhat,781412,Flipkart Ekart,Essential Medicines & Medical Supplies,2.96,11494.9,Light Commercial Pickup Truck (Bolero / Ace),Out for Delivery (Delayed),Cash on Delivery (COD),Pending,None,23.7,N/A
DEL-NER-2026-000392,2026-08-23 23:30:00,2026-08-24 08:30:00,Pending,Nagaland,Kohima,Kohima,797666,Shadowfax,Essential Medicines & Medical Supplies,0.26,3315.82,Light Commercial Pickup Truck (Bolero / Ace),Delayed - Landslide / Road Blockade,Prepaid (Digital/UPI),N/A,Landslide / Highway Blockade,19.8,N/A
DEL-NER-2026-000255,2026-08-23 22:30:00,2026-08-24 16:30:00,Pending,Assam,Jorhat,Jorhat,781320,DTDC Express,Apparel & Fashion,1.76,1480.19,Two-Wheeler / Bike Express,Out for Delivery (On-Time),Prepaid (Digital/UPI),Pending,None,17.2,N/A
DEL-NER-2026-000374,2026-08-23 22:30:00,2026-08-24 02:30:00,2026-08-24 02:30:00,Manipur,Imphal West,Imphal,795482,Delhivery,E-Commerce Consumer Electronics,4.35,10816.98,Light Commercial Pickup Truck (Bolero / Ace),Delivered Successfully,Prepaid (Digital/UPI),Verified,None,31.6,4.1
DEL-NER-2026-000103,2026-08-23 22:30:00,2026-08-24 11:30:00,Pending,Meghalaya,East Khasi Hills,Shillong,793481,Flipkart Ekart,FMCG & Groceries,3.81,15983.22,Light Commercial Pickup Truck (Bolero / Ace),Out for Delivery (Delayed),Prepaid (Digital/UPI),Pending,None,15.2,N/A
DEL-NER-2026-000188,2026-08-23 22:30:00,2026-08-25 09:30:00,Pending,Manipur,Churachandpur,Churachandpur,795626,ExpressBees,E-Commerce Consumer Electronics,8.03,61056.44,Two-Wheeler / Bike Express,Out for Delivery (Delayed),Cash on Delivery (COD),Pending,None,11.1,N/A
DEL-NER-2026-000044,2026-08-23 22:30:00,2026-08-24 00:30:00,2026-08-24 00:30:00,Nagaland,Dimapur,Dimapur,797534,Amazon Logistics (NER),Handicrafts & Organic NE Produce (Outbound),19.76,20159.72,Foot Courier (Hill Stairs / Remote Village),Delivered Successfully,Cash on Delivery (COD),Verified,None,4.8,5.0
DEL-NER-2026-000489,2026-08-23 22:30:00,2026-08-24 07:30:00,Pending,Nagaland,Dimapur,Dimapur,797831,ExpressBees,Auto Spare Parts & Industrial Tools,4.39,18538.39,Foot Courier (Hill Stairs / Remote Village),Out for Delivery (Delayed),Pay on Delivery (UPI QR),Pending,None,27.6,N/A
DEL-NER-2026-000027,2026-08-23 22:30:00,2026-08-25 06:30:00,Pending,Sikkim,East Sikkim,Gangtok,737455,Delhivery,E-Commerce Consumer Electronics,6.01,39122.12,Light Commercial Pickup Truck (Bolero / Ace),Out for Delivery (Delayed),Prepaid (Digital/UPI),Pending,None,17.2,N/A
DEL-NER-2026-000195,2026-08-23 22:30:00,2026-08-24 11:30:00,Pending,Arunachal Pradesh,East Siang,Pasighat,791321,Shadowfax,Government / Official Documents,2.15,3773.95,Two-Wheeler / Bike Express,In Transit - Hub to Hub,Pay on Delivery (UPI QR),N/A,None,15.3,N/A
DEL-NER-2026-000323,2026-08-23 22:30:00,2026-08-25 00:30:00,Pending,Arunachal Pradesh,Tawang,Tawang,791609,Blue Dart / DHL,Auto Spare Parts & Industrial Tools,5.2,6079.81,Light Commercial Pickup Truck (Bolero / Ace),In Transit - Hub to Hub,Cash on Delivery (COD),N/A,None,26.1,N/A
DEL-NER-2026-000177,2026-08-23 21:30:00,2026-08-24 11:30:00,Pending,Arunachal Pradesh,East Siang,Pasighat,791277,DTDC Express,Auto Spare Parts & Industrial Tools,13.58,10146.04,Light Commercial Pickup Truck (Bolero / Ace),In Transit - Hub to Hub,Prepaid (Digital/UPI),N/A,None,1.5,N/A
DEL-NER-2026-000462,2026-08-23 21:30:00,2026-08-24 03:30:00,2026-08-24 03:30:00,Nagaland,Kohima,Kohima,797352,Blue Dart / DHL,Auto Spare Parts & Industrial Tools,18.61,11321.08,Two-Wheeler / Bike Express,Delivered Successfully,Cash on Delivery (COD),Verified,None,19.5,3.8
DEL-NER-2026-000018,2026-08-23 21:30:00,2026-08-24 19:30:00,Pending,Mizoram,Aizawl,Aizawl,796388,Shadowfax,Essential Medicines & Medical Supplies,2.53,6648.67,Two-Wheeler / Bike Express,Delayed - Weather / Heavy Rainfall,Pay on Delivery (UPI QR),N/A,Heavy Rain / Inundation,5.5,N/A
DEL-NER-2026-000377,2026-08-23 21:30:00,2026-08-24 18:30:00,Pending,Meghalaya,East Khasi Hills,Shillong,793452,Shadowfax,Auto Spare Parts & Industrial Tools,18.31,10304.85,Two-Wheeler / Bike Express,Out for Delivery (On-Time),Prepaid (Digital/UPI),Pending,None,8.9,N/A
DEL-NER-2026-000375,2026-08-23 21:30:00,2026-08-24 20:30:00,Pending,Arunachal Pradesh,East Siang,Pasighat,791297,Amazon Logistics (NER),Auto Spare Parts & Industrial Tools,22.8,10566.07,Light Commercial Pickup Truck (Bolero / Ace),In Transit - Hub to Hub,Prepaid (Digital/UPI),N/A,None,12.9,N/A
DEL-NER-2026-000367,2026-08-23 21:30:00,2026-08-24 11:30:00,Pending,Manipur,Churachandpur,Churachandpur,795497,DTDC Express,Auto Spare Parts & Industrial Tools,10.29,11755.49,Light Commercial Pickup Truck (Bolero / Ace),Delayed - Landslide / Road Blockade,Cash on Delivery (COD),N/A,Landslide / Highway Blockade,16.2,N/A
DEL-NER-2026-000484,2026-08-23 21:30:00,2026-08-25 00:30:00,Pending,Arunachal Pradesh,Papum Pare,Itanagar,791916,Amazon Logistics (NER),Handicrafts & Organic NE Produce (Outbound),10.57,1560.23,Two-Wheeler / Bike Express,Out for Delivery (On-Time),Prepaid (Digital/UPI),Pending,None,16.6,N/A
DEL-NER-2026-000347,2026-08-23 21:30:00,2026-08-24 01:30:00,2026-08-24 01:30:00,Mizoram,Aizawl,Aizawl,796161,Blue Dart / DHL,Handicrafts & Organic NE Produce (Outbound),23.8,19388.45,Light Commercial Pickup Truck (Bolero / Ace),Delivered Successfully,Prepaid (Digital/UPI),Verified,None,19.1,3.6
DEL-NER-2026-000293,2026-08-23 21:30:00,2026-08-24 15:30:00,Pending,Assam,Dibrugarh,Dibrugarh,781647,Blue Dart / DHL,FMCG & Groceries,21.03,967.17,Light Commercial Pickup Truck (Bolero / Ace),In Transit - Hub to Hub,Prepaid (Digital/UPI),N/A,None,21.7,N/A
DEL-NER-2026-000317,2026-08-23 21:30:00,2026-08-24 00:30:00,2026-08-24 00:30:00,Nagaland,Dimapur,Dimapur,797654,Blue Dart / DHL,Government / Official Documents,0.88,3138.45,Light Commercial Pickup Truck (Bolero / Ace),Delivered Successfully,Prepaid (Digital/UPI),Verified,None,21.1,4.7
DEL-NER-2026-000413,2026-08-23 20:30:00,2026-08-24 16:30:00,Pending,Sikkim,South Sikkim,Namchi,737400,ExpressBees,Apparel & Fashion,1.72,2908.91,Light Commercial Pickup Truck (Bolero / Ace),Out for Delivery (Delayed),Prepaid (Digital/UPI),Pending,None,19.7,N/A
DEL-NER-2026-000467,2026-08-23 20:30:00,2026-08-24 13:30:00,Pending,Assam,Kamrup Metropolitan,Guwahati,781146,Blue Dart / DHL,Handicrafts & Organic NE Produce (Outbound),7.71,505.56,Light Commercial Pickup Truck (Bolero / Ace),Out for Delivery (On-Time),Cash on Delivery (COD),Pending,None,12.0,N/A
DEL-NER-2026-000199,2026-08-23 20:30:00,2026-08-24 19:30:00,Pending,Arunachal Pradesh,Tawang,Tawang,791419,Shadowfax,E-Commerce Consumer Electronics,2.83,51941.99,Two-Wheeler / Bike Express,Out for Delivery (On-Time),Prepaid (Digital/UPI),Pending,None,13.9,N/A
DEL-NER-2026-000068,2026-08-23 20:30:00,2026-08-24 12:30:00,Pending,Sikkim,East Sikkim,Gangtok,737112,Amazon Logistics (NER),Auto Spare Parts & Industrial Tools,10.93,14050.74,Electric Cargo 3-Wheeler,In Transit - Hub to Hub,Pay on Delivery (UPI QR),N/A,None,10.5,N/A
DEL-NER-2026-000105,2026-08-23 19:30:00,2026-08-24 06:30:00,Pending,Arunachal Pradesh,Papum Pare,Itanagar,791689,Shadowfax,Government / Official Documents,2.41,4191.39,Electric Cargo 3-Wheeler,Out for Delivery (On-Time),Prepaid (Digital/UPI),Pending,None,3.9,N/A
DEL-NER-2026-000094,2026-08-23 19:30:00,2026-08-23 21:30:00,2026-08-23 21:30:00,Sikkim,South Sikkim,Namchi,737746,India Post (Speed Post),FMCG & Groceries,12.39,7094.33,Two-Wheeler / Bike Express,Delivered Successfully,Cash on Delivery (COD),Verified,None,4.3,3.7
DEL-NER-2026-000488,2026-08-23 19:30:00,2026-08-25 06:30:00,Pending,Sikkim,East Sikkim,Gangtok,737474,India Post (Speed Post),Essential Medicines & Medical Supplies,2.22,13775.02,Light Commercial Pickup Truck (Bolero / Ace),Out for Delivery (On-Time),Prepaid (Digital/UPI),Pending,None,23.2,N/A
DEL-NER-2026-000335,2026-08-23 19:30:00,2026-08-24 13:30:00,Pending,Meghalaya,East Khasi Hills,Shillong,793280,Shadowfax,E-Commerce Consumer Electronics,6.73,4480.72,Electric Cargo 3-Wheeler,In Transit - Hub to Hub,Prepaid (Digital/UPI),N/A,None,19.5,N/A
DEL-NER-2026-000234,2026-08-23 19:30:00,2026-08-24 05:30:00,Pending,Assam,Kamrup Metropolitan,Guwahati,781292,Shadowfax,Government / Official Documents,1.97,1906.37,Two-Wheeler / Bike Express,Delivery Attempted - Recipient Unavailable,Cash on Delivery (COD),N/A,None,19.3,N/A
DEL-NER-2026-000041,2026-08-23 19:30:00,2026-08-24 06:30:00,Pending,Meghalaya,West Garo Hills,Tura,793993,Shadowfax,E-Commerce Consumer Electronics,5.56,4895.6,Two-Wheeler / Bike Express,Delayed - Landslide / Road Blockade,Prepaid (Digital/UPI),N/A,Landslide / Highway Blockade,8.1,N/A
DEL-NER-2026-000358,2026-08-23 19:30:00,2026-08-24 18:30:00,Pending,Nagaland,Kohima,Kohima,797181,India Post (Speed Post),Essential Medicines & Medical Supplies,1.38,977.33,Two-Wheeler / Bike Express,Out for Delivery (On-Time),Cash on Delivery (COD),Pending,None,28.0,N/A
DEL-NER-2026-000223,2026-08-23 19:30:00,2026-08-25 03:30:00,Pending,Meghalaya,West Garo Hills,Tura,793312,India Post (Speed Post),Essential Medicines & Medical Supplies,2.96,1388.96,Two-Wheeler / Bike Express,In Transit - Hub to Hub,Prepaid (Digital/UPI),N/A,None,2.6,N/A
DEL-NER-2026-000366,2026-08-23 19:30:00,2026-08-25 04:30:00,Pending,Arunachal Pradesh,East Siang,Pasighat,791715,ExpressBees,Apparel & Fashion,0.56,3048.99,Two-Wheeler / Bike Express,In Transit - Hub to Hub,Cash on Delivery (COD),N/A,None,3.1,N/A
DEL-NER-2026-000264,2026-08-23 19:30:00,2026-08-24 13:30:00,Pending,Sikkim,East Sikkim,Gangtok,737139,Shadowfax,Handicrafts & Organic NE Produce (Outbound),22.54,17550.88,Two-Wheeler / Bike Express,In Transit - Hub to Hub,Pay on Delivery (UPI QR),N/A,None,12.7,N/A
DEL-NER-2026-000422,2026-08-23 19:30:00,2026-08-24 10:30:00,Pending,Arunachal Pradesh,Papum Pare,Itanagar,791694,Amazon Logistics (NER),FMCG & Groceries,13.12,13171.8,Electric Cargo 3-Wheeler,Out for Delivery (On-Time),Prepaid (Digital/UPI),Pending,None,2.9,N/A
DEL-NER-2026-000320,2026-08-23 18:30:00,2026-08-23 22:30:00,2026-08-23 22:30:00,Manipur,Churachandpur,Churachandpur,795729,ExpressBees,E-Commerce Consumer Electronics,2.79,51269.66,Two-Wheeler / Bike Express,Delivered Successfully,Pay on Delivery (UPI QR),Verified,None,30.5,4.0
DEL-NER-2026-000280,2026-08-23 18:30:00,2026-08-24 23:30:00,Pending,Arunachal Pradesh,Tawang,Tawang,791811,Delhivery,Essential Medicines & Medical Supplies,1.92,10077.55,Drone Delivery (Medicines/High Altitude),Delayed - Weather / Heavy Rainfall,Prepaid (Digital/UPI),N/A,Heavy Rain / Inundation,30.6,N/A
DEL-NER-2026-000294,2026-08-23 18:30:00,2026-08-24 14:30:00,Pending,Sikkim,South Sikkim,Namchi,737582,DTDC Express,Apparel & Fashion,1.85,1516.58,Two-Wheeler / Bike Express,Out for Delivery (Delayed),Cash on Delivery (COD),Pending,None,1.1,N/A
DEL-NER-2026-000099,2026-08-23 18:30:00,2026-08-25 04:30:00,Pending,Manipur,Imphal West,Imphal,795618,ExpressBees,Essential Medicines & Medical Supplies,1.93,1226.06,Light Commercial Pickup Truck (Bolero / Ace),In Transit - Hub to Hub,Prepaid (Digital/UPI),N/A,None,14.4,N/A
DEL-NER-2026-000106,2026-08-23 18:30:00,2026-08-23 23:30:00,2026-08-23 23:30:00,Arunachal Pradesh,Tawang,Tawang,791213,Delhivery,Essential Medicines & Medical Supplies,3.94,2173.72,Light Commercial Pickup Truck (Bolero / Ace),Delivered Successfully,Prepaid (Digital/UPI),Verified,None,23.5,4.6
DEL-NER-2026-000107,2026-08-23 18:30:00,2026-08-25 05:30:00,Pending,Nagaland,Kohima,Kohima,797739,Amazon Logistics (NER),E-Commerce Consumer Electronics,3.49,51884.88,Two-Wheeler / Bike Express,In Transit - Hub to Hub,Cash on Delivery (COD),N/A,None,11.8,N/A
DEL-NER-2026-000029,2026-08-23 18:30:00,2026-08-24 00:30:00,2026-08-24 00:30:00,Assam,Dibrugarh,Dibrugarh,781112,DTDC Express,Auto Spare Parts & Industrial Tools,23.91,2394.69,Light Commercial Pickup Truck (Bolero / Ace),Delivered Successfully,Prepaid (Digital/UPI),Verified,None,10.6,4.4
DEL-NER-2026-000348,2026-08-23 18:30:00,2026-08-24 06:30:00,Pending,Manipur,Churachandpur,Churachandpur,795223,Flipkart Ekart,Auto Spare Parts & Industrial Tools,11.7,21309.89,Light Commercial Pickup Truck (Bolero / Ace),In Transit - Hub to Hub,Prepaid (Digital/UPI),N/A,None,7.7,N/A
DEL-NER-2026-000010,2026-08-23 18:30:00,2026-08-24 10:30:00,Pending,Arunachal Pradesh,East Siang,Pasighat,791765,India Post (Speed Post),Apparel & Fashion,1.82,545.43,Two-Wheeler / Bike Express,Delayed - Weather / Heavy Rainfall,Pay on Delivery (UPI QR),N/A,Heavy Rain / Inundation,19.9,N/A
DEL-NER-2026-000454,2026-08-23 18:30:00,2026-08-24 10:30:00,Pending,Sikkim,East Sikkim,Gangtok,737812,India Post (Speed Post),E-Commerce Consumer Electronics,6.64,46804.74,Two-Wheeler / Bike Express,Out for Delivery (On-Time),Prepaid (Digital/UPI),Pending,None,28.0,N/A
DEL-NER-2026-000035,2026-08-23 18:30:00,2026-08-24 02:30:00,2026-08-24 02:30:00,Arunachal Pradesh,Tawang,Tawang,791586,ExpressBees,Apparel & Fashion,2.37,2763.72,Two-Wheeler / Bike Express,Delivered Successfully,Prepaid (Digital/UPI),Verified,None,28.5,4.0
DEL-NER-2026-000330,2026-08-23 17:30:00,2026-08-24 03:30:00,Pending,Meghalaya,East Khasi Hills,Shillong,793928,Flipkart Ekart,Essential Medicines & Medical Supplies,3.3,9017.08,Two-Wheeler / Bike Express,In Transit - Hub to Hub,Prepaid (Digital/UPI),N/A,None,9.7,N/A
DEL-NER-2026-000144,2026-08-23 17:30:00,2026-08-25 01:30:00,Pending,Assam,Dibrugarh,Dibrugarh,781766,Blue Dart / DHL,Apparel & Fashion,0.47,1259.38,Light Commercial Pickup Truck (Bolero / Ace),In Transit - Hub to Hub,Prepaid (Digital/UPI),N/A,None,32.0,N/A
DEL-NER-2026-000062,2026-08-23 17:30:00,2026-08-24 03:30:00,2026-08-24 03:30:00,Assam,Dibrugarh,Dibrugarh,781650,Delhivery,Government / Official Documents,0.42,3701.6,Two-Wheeler / Bike Express,Delivered Successfully,Pay on Delivery (UPI QR),Verified,None,25.3,4.2
DEL-NER-2026-000305,2026-08-23 17:30:00,2026-08-23 20:30:00,2026-08-23 20:30:00,Assam,Kamrup Metropolitan,Guwahati,781544,ExpressBees,FMCG & Groceries,5.62,4804.73,Light Commercial Pickup Truck (Bolero / Ace),Delivered Successfully,Cash on Delivery (COD),Verified,None,13.1,4.5
DEL-NER-2026-000338,2026-08-23 17:30:00,2026-08-24 04:30:00,2026-08-24 04:30:00,Arunachal Pradesh,Papum Pare,Itanagar,791959,Delhivery,FMCG & Groceries,15.69,5197.49,Electric Cargo 3-Wheeler,Delivered Successfully,Prepaid (Digital/UPI),Verified,None,29.2,4.1
DEL-NER-2026-000219,2026-08-23 17:30:00,2026-08-24 13:30:00,Pending,Assam,Kamrup Metropolitan,Guwahati,781642,DTDC Express,Essential Medicines & Medical Supplies,3.9,14243.07,Foot Courier (Hill Stairs / Remote Village),Out for Delivery (On-Time),Pay on Delivery (UPI QR),Pending,None,8.6,N/A
DEL-NER-2026-000024,2026-08-23 17:30:00,2026-08-24 13:30:00,Pending,Manipur,Churachandpur,Churachandpur,795899,DTDC Express,Essential Medicines & Medical Supplies,1.05,10086.16,Two-Wheeler / Bike Express,In Transit - Hub to Hub,Prepaid (Digital/UPI),N/A,None,16.7,N/A
DEL-NER-2026-000445,2026-08-23 17:30:00,2026-08-25 04:30:00,Pending,Mizoram,Aizawl,Aizawl,796792,India Post (Speed Post),Handicrafts & Organic NE Produce (Outbound),14.21,12074.45,Two-Wheeler / Bike Express,Delivery Attempted - Recipient Unavailable,Prepaid (Digital/UPI),N/A,None,23.1,N/A
DEL-NER-2026-000259,2026-08-23 17:30:00,2026-08-24 09:30:00,Pending,Nagaland,Dimapur,Dimapur,797936,Flipkart Ekart,Apparel & Fashion,1.98,3650.63,Two-Wheeler / Bike Express,In Transit - Hub to Hub,Cash on Delivery (COD),N/A,None,9.6,N/A
DEL-NER-2026-000128,2026-08-23 17:30:00,2026-08-24 12:30:00,Pending,Arunachal Pradesh,East Siang,Pasighat,791316,India Post (Speed Post),Apparel & Fashion,1.26,2223.99,Two-Wheeler / Bike Express,Out for Delivery (Delayed),Prepaid (Digital/UPI),Pending,None,9.9,N/A
DEL-NER-2026-000194,2026-08-23 16:30:00,2026-08-24 03:30:00,2026-08-24 03:30:00,Tripura,West Tripura,Agartala,799669,Delhivery,E-Commerce Consumer Electronics,4.01,20456.1,Two-Wheeler / Bike Express,Delivered Successfully,Pay on Delivery (UPI QR),Verified,None,15.9,3.5
DEL-NER-2026-000414,2026-08-23 16:30:00,2026-08-24 19:30:00,Pending,Assam,Cachar,Silchar,781179,Blue Dart / DHL,Government / Official Documents,1.41,1290.94,Foot Courier (Hill Stairs / Remote Village),Out for Delivery (Delayed),Prepaid (Digital/UPI),Pending,None,29.1,N/A
DEL-NER-2026-000143,2026-08-23 16:30:00,2026-08-24 07:30:00,Pending,Tripura,Gomati,Udaipur,799656,Flipkart Ekart,E-Commerce Consumer Electronics,2.85,21380.45,Light Commercial Pickup Truck (Bolero / Ace),Out for Delivery (On-Time),Cash on Delivery (COD),Pending,None,14.1,N/A
DEL-NER-2026-000353,2026-08-23 16:30:00,2026-08-25 01:30:00,Pending,Tripura,West Tripura,Agartala,799338,Flipkart Ekart,E-Commerce Consumer Electronics,6.52,7533.14,Electric Cargo 3-Wheeler,Delayed - Landslide / Road Blockade,Cash on Delivery (COD),N/A,Landslide / Highway Blockade,9.5,N/A
DEL-NER-2026-000276,2026-08-23 16:30:00,2026-08-24 23:30:00,Pending,Arunachal Pradesh,East Siang,Pasighat,791660,Blue Dart / DHL,Auto Spare Parts & Industrial Tools,5.47,21781.59,Light Commercial Pickup Truck (Bolero / Ace),Out for Delivery (On-Time),Prepaid (Digital/UPI),Pending,None,20.2,N/A
DEL-NER-2026-000163,2026-08-23 16:30:00,2026-08-23 22:30:00,2026-08-23 22:30:00,Assam,Kamrup Metropolitan,Guwahati,781283,DTDC Express,E-Commerce Consumer Electronics,5.98,61802.07,Light Commercial Pickup Truck (Bolero / Ace),Delivered Successfully,Prepaid (Digital/UPI),Verified,None,11.6,4.5
DEL-NER-2026-000037,2026-08-23 15:30:00,2026-08-23 20:30:00,2026-08-23 20:30:00,Assam,Kamrup Metropolitan,Guwahati,781153,Flipkart Ekart,FMCG & Groceries,14.26,4987.65,Two-Wheeler / Bike Express,Delivered Successfully,Prepaid (Digital/UPI),Verified,None,11.8,4.8
DEL-NER-2026-000073,2026-08-23 15:30:00,2026-08-24 10:30:00,Pending,Mizoram,Aizawl,Aizawl,796445,Blue Dart / DHL,Government / Official Documents,1.04,3280.83,Two-Wheeler / Bike Express,In Transit - Hub to Hub,Prepaid (Digital/UPI),N/A,None,10.2,N/A
DEL-NER-2026-000231,2026-08-23 15:30:00,2026-08-24 22:30:00,Pending,Arunachal Pradesh,Tawang,Tawang,791734,Blue Dart / DHL,Government / Official Documents,1.92,1587.95,Two-Wheeler / Bike Express,Out for Delivery (On-Time),Prepaid (Digital/UPI),Pending,None,6.8,N/A
DEL-NER-2026-000381,2026-08-23 15:30:00,2026-08-24 10:30:00,Pending,Mizoram,Aizawl,Aizawl,796289,Shadowfax,Apparel & Fashion,1.59,4497.8,Two-Wheeler / Bike Express,In Transit - Hub to Hub,Pay on Delivery (UPI QR),N/A,None,15.8,N/A
DEL-NER-2026-000469,2026-08-23 15:30:00,2026-08-24 07:30:00,Pending,Nagaland,Kohima,Kohima,797384,India Post (Speed Post),Government / Official Documents,2.33,1702.41,Two-Wheeler / Bike Express,Out for Delivery (Delayed),Prepaid (Digital/UPI),Pending,None,9.1,N/A
DEL-NER-2026-000046,2026-08-23 15:30:00,2026-08-24 23:30:00,Pending,Arunachal Pradesh,Papum Pare,Itanagar,791653,ExpressBees,Essential Medicines & Medical Supplies,0.5,10788.74,Two-Wheeler / Bike Express,Out for Delivery (On-Time),Prepaid (Digital/UPI),Pending,None,18.8,N/A
DEL-NER-2026-000164,2026-08-23 15:30:00,2026-08-24 02:30:00,Pending,Nagaland,Kohima,Kohima,797973,ExpressBees,FMCG & Groceries,7.32,7288.57,Two-Wheeler / Bike Express,Out for Delivery (On-Time),Cash on Delivery (COD),Pending,None,12.8,N/A
DEL-NER-2026-000154,2026-08-23 15:30:00,2026-08-24 23:30:00,Pending,Nagaland,Kohima,Kohima,797507,India Post (Speed Post),Auto Spare Parts & Industrial Tools,20.91,13034.63,Two-Wheeler / Bike Express,In Transit - Hub to Hub,Pay on Delivery (UPI QR),N/A,None,28.6,N/A
DEL-NER-2026-000083,2026-08-23 15:30:00,2026-08-24 14:30:00,Pending,Meghalaya,East Khasi Hills,Shillong,793954,India Post (Speed Post),E-Commerce Consumer Electronics,7.74,43776.95,Two-Wheeler / Bike Express,Delayed - Weather / Heavy Rainfall,Prepaid (Digital/UPI),N/A,Heavy Rain / Inundation,19.4,N/A
DEL-NER-2026-000078,2026-08-23 15:30:00,2026-08-24 01:30:00,Pending,Arunachal Pradesh,Papum Pare,Itanagar,791557,Delhivery,Handicrafts & Organic NE Produce (Outbound),17.19,19649.27,Two-Wheeler / Bike Express,Out for Delivery (On-Time),Cash on Delivery (COD),Pending,None,20.4,N/A
DEL-NER-2026-000340,2026-08-23 14:30:00,2026-08-24 19:30:00,Pending,Meghalaya,East Khasi Hills,Shillong,793753,Shadowfax,Auto Spare Parts & Industrial Tools,14.61,13570.36,Two-Wheeler / Bike Express,In Transit - Hub to Hub,Cash on Delivery (COD),N/A,None,24.0,N/A
DEL-NER-2026-000494,2026-08-23 14:30:00,2026-08-23 17:30:00,2026-08-23 17:30:00,Mizoram,Aizawl,Aizawl,796893,Amazon Logistics (NER),FMCG & Groceries,20.3,4703.02,Two-Wheeler / Bike Express,Delivered Successfully,Cash on Delivery (COD),Verified,None,22.6,4.5
DEL-NER-2026-000130,2026-08-23 14:30:00,2026-08-24 19:30:00,Pending,Meghalaya,East Khasi Hills,Shillong,793852,DTDC Express,Auto Spare Parts & Industrial Tools,2.15,8460.38,Two-Wheeler / Bike Express,Out for Delivery (On-Time),Prepaid (Digital/UPI),Pending,None,8.2,N/A
DEL-NER-2026-000486,2026-08-23 14:30:00,2026-08-23 22:30:00,2026-08-23 22:30:00,Mizoram,Lunglei,Lunglei,796645,Blue Dart / DHL,Handicrafts & Organic NE Produce (Outbound),5.46,13141.03,Two-Wheeler / Bike Express,Delivered Successfully,Cash on Delivery (COD),Verified,None,18.8,4.2
DEL-NER-2026-000021,2026-08-23 14:30:00,2026-08-24 17:30:00,Pending,Assam,Kamrup Metropolitan,Guwahati,781910,Blue Dart / DHL,Auto Spare Parts & Industrial Tools,11.28,18731.71,Foot Courier (Hill Stairs / Remote Village),In Transit - Hub to Hub,Cash on Delivery (COD),N/A,None,27.9,N/A
DEL-NER-2026-000213,2026-08-23 14:30:00,2026-08-25 00:30:00,Pending,Assam,Jorhat,Jorhat,781828,DTDC Express,Essential Medicines & Medical Supplies,1.18,11277.39,Two-Wheeler / Bike Express,Out for Delivery (On-Time),Prepaid (Digital/UPI),Pending,None,30.1,N/A
DEL-NER-2026-000076,2026-08-23 14:30:00,2026-08-23 16:30:00,2026-08-23 16:30:00,Mizoram,Aizawl,Aizawl,796214,Delhivery,E-Commerce Consumer Electronics,6.6,22671.73,Electric Cargo 3-Wheeler,Delivered Successfully,Prepaid (Digital/UPI),Verified,None,10.8,4.5
DEL-NER-2026-000170,2026-08-23 14:30:00,2026-08-24 13:30:00,Pending,Sikkim,East Sikkim,Gangtok,737792,ExpressBees,Government / Official Documents,1.82,1669.89,Two-Wheeler / Bike Express,Out for Delivery (Delayed),Cash on Delivery (COD),Pending,None,12.6,N/A
DEL-NER-2026-000014,2026-08-23 14:30:00,2026-08-24 11:30:00,Pending,Assam,Dibrugarh,Dibrugarh,781556,DTDC Express,Essential Medicines & Medical Supplies,3.16,11973.97,Light Commercial Pickup Truck (Bolero / Ace),Out for Delivery (Delayed),Pay on Delivery (UPI QR),Pending,None,8.4,N/A
DEL-NER-2026-000263,2026-08-23 14:30:00,2026-08-24 06:30:00,Pending,Meghalaya,West Garo Hills,Tura,793833,Amazon Logistics (NER),E-Commerce Consumer Electronics,2.77,45639.96,Light Commercial Pickup Truck (Bolero / Ace),Out for Delivery (On-Time),Prepaid (Digital/UPI),Pending,None,8.8,N/A
DEL-NER-2026-000333,2026-08-23 14:30:00,2026-08-24 09:30:00,Pending,Arunachal Pradesh,Papum Pare,Itanagar,791115,ExpressBees,Government / Official Documents,1.37,2224.02,Two-Wheeler / Bike Express,In Transit - Hub to Hub,Cash on Delivery (COD),N/A,None,30.3,N/A
DEL-NER-2026-000450,2026-08-23 14:30:00,2026-08-24 15:30:00,Pending,Manipur,Churachandpur,Churachandpur,795437,DTDC Express,E-Commerce Consumer Electronics,3.67,19069.44,Foot Courier (Hill Stairs / Remote Village),Out for Delivery (On-Time),Pay on Delivery (UPI QR),Pending,None,3.6,N/A
DEL-NER-2026-000156,2026-08-23 14:30:00,2026-08-24 11:30:00,Pending,Meghalaya,East Khasi Hills,Shillong,793277,Delhivery,Apparel & Fashion,0.19,1525.55,Electric Cargo 3-Wheeler,Out for Delivery (On-Time),Prepaid (Digital/UPI),Pending,None,2.6,N/A
